year,company,issue_price,listing_price,closing_price,listing_gain_open_pct,listing_gain_close_pct,day_change_after_pct,retail_quota_pct,total_sub_x,sub_qib_x,sub_hni_x,sub_retail_x,sub_overall_x,sub_day1_x,sub_day2_x,sub_day3_x,gmp_day1_rs,gmp_day1_pct,gmp_day2_pct,gmp_day3_pct,issue_size_cr,fresh_issue_cr,ofs_cr,ipo_pe,peer_pe,pe_vs_sector,ebitda_cr,debt_equity,ai_pred_pct,actual_gain_pct,slug,url,gmp_day2_rs,gmp_day3_rs,gmp_day4_rs,gmp_day4_pct,gmp_day5_rs,gmp_day5_pct
2022,Abans HoldingsIPO,270.0,216.05,258.0,-19.98,-4.44,15.54,35.0,80.8,117.33,151.18,29.77,80.8,1.16,4.93,80.8,17.0,6.3,6.3,4.44,360.11,360.11,0.0,25.69,16.89,1.17,8.83,1.6,,-20.0,abans-holdings,https://ipogyani.com/listed-ipo/2022/abans-holdings,17.0,12.0,15.0,5.56,5.0,1.85
2022,Adani WilmarIPO,230.0,268.25,268.25,16.63,16.63,0.0,35.0,182.44,331.6,267.94,63.77,182.44,13.32,34.85,182.44,50.0,21.74,26.09,21.74,410.05,210.0,200.05,38.46,59.06,1.45,18.36,0.32,,16.6,adani-wilmar,https://ipogyani.com/listed-ipo/2022/adani-wilmar,60.0,50.0,45.0,19.57,35.0,15.22
2022,Aether IndustriesIPO,642.0,774.38,774.4,20.62,20.62,0.0,10.0,148.75,87.21,237.39,200.39,148.75,8.53,29.46,148.75,10.0,1.56,0.78,0.78,144.89,144.89,0.0,14.7,33.0,1.29,20.68,1.45,,20.6,aether-industries,https://ipogyani.com/listed-ipo/2022/aether-industries,5.0,5.0,10.0,1.56,0.0,0.0
2022,AGS Transact TechnologiesIPO,175.0,161.05,154.0,-7.97,-12.0,-4.03,35.0,227.51,242.4,501.63,101.52,227.51,17.71,54.55,227.51,20.0,11.43,11.43,17.14,260.15,184.9,75.25,66.15,42.11,1.56,16.66,0.85,,-8.0,ags-transact-technologies,https://ipogyani.com/listed-ipo/2022/ags-transact-technologies,20.0,30.0,20.0,11.43,20.0,11.43
2022,Archean Chemical IndustriesIPO,407.0,458.16,493.0,12.57,21.13,8.56,35.0,16.69,55.47,9.99,1.41,16.69,0.35,1.11,16.69,60.0,14.74,14.74,14.74,12500.0,2500.0,10000.0,28.21,26.77,1.27,58.36,5.85,,12.6,archean-chemical-industries,https://ipogyani.com/listed-ipo/2022/archean-chemical-industries,60.0,60.0,70.0,17.2,75.0,18.43
2022,Bikaji Foods InternationalIPO,300.0,317.46,326.0,5.82,8.67,2.85,10.0,2.26,3.12,1.31,1.29,2.26,0.09,0.35,2.26,75.0,25.0,25.0,23.33,1590.0,1590.0,0.0,1340.16,72.95,1.19,312.4,0.91,,5.8,bikaji-foods-international,https://ipogyani.com/listed-ipo/2022/bikaji-foods-international,75.0,70.0,40.0,13.33,30.0,10.0
2022,Campus ActivewearIPO,292.0,378.9,358.0,29.76,22.6,-7.16,35.0,1.55,4.64,0.39,0.41,1.55,0.07,0.42,1.55,68.0,23.29,23.29,23.29,3027.26,300.0,2727.26,222.1,87.67,1.35,29.54,0.61,,29.8,campus-activewear,https://ipogyani.com/listed-ipo/2022/campus-activewear,68.0,68.0,68.0,23.29,68.0,23.29
2022,DCX SystemsIPO,207.0,308.45,281.0,49.01,35.75,-13.26,35.0,86.03,99.76,143.14,53.71,86.03,6.97,12.94,86.03,65.0,31.4,31.4,31.4,119.0,119.0,0.0,17.87,38.8,1.29,13.44,1.6,,49.0,dcx-systems,https://ipogyani.com/listed-ipo/2022/dcx-systems,65.0,65.0,70.0,33.82,70.0,33.82
2022,DelhiveryIPO,487.0,536.33,536.25,10.13,10.11,-0.02,10.0,1.29,1.03,1.45,1.82,1.29,0.62,0.83,1.29,20.0,4.11,2.05,1.03,858.7,225.0,633.7,32.86,247.47,1.27,12.68,0.2,,10.1,delhivery,https://ipogyani.com/listed-ipo/2022/delhivery,10.0,5.0,5.0,1.03,5.0,1.03
2022,Dharmaj Crop GuardIPO,237.0,266.29,270.0,12.36,13.92,1.57,35.0,63.86,182.65,42.35,5.64,63.86,0.73,3.29,63.86,40.0,16.88,29.54,29.54,3395.0,0.0,3395.0,70.63,71.86,1.38,36.81,0.05,,12.4,dharmaj-crop-guard,https://ipogyani.com/listed-ipo/2022/dharmaj-crop-guard,70.0,70.0,60.0,25.32,50.0,21.1
2022,DreamFolks ServicesIPO,326.0,462.4,462.85,41.84,41.98,0.14,35.0,53.78,69.51,113.02,19.39,53.78,2.06,8.11,53.78,60.0,18.4,19.94,21.47,220.0,220.0,0.0,25.25,46.01,1.29,14.7,3.19,,41.8,dreamfolks-services,https://ipogyani.com/listed-ipo/2022/dreamfolks-services,65.0,70.0,75.0,23.01,75.0,23.01
2022,Electronics Mart IndiaIPO,59.0,84.5,86.0,43.22,45.76,2.54,35.0,34.42,88.08,36.7,3.6,34.42,0.42,1.65,34.42,30.0,50.85,50.85,59.32,1387.34,890.0,497.34,24.22,47.33,1.23,19.79,0.42,,43.2,electronics-mart-india,https://ipogyani.com/listed-ipo/2022/electronics-mart-india,30.0,35.0,35.0,59.32,35.0,59.32
2022,Elin ElectronicsIPO,247.0,227.66,220.0,-7.83,-10.93,-3.1,10.0,100.69,133.21,72.0,50.87,100.69,2.05,6.88,100.69,50.0,20.24,20.24,18.22,1300.0,500.0,800.0,22.52,,1.57,8.27,0.41,,-7.8,elin-electronics,https://ipogyani.com/listed-ipo/2022/elin-electronics,50.0,45.0,45.0,18.22,5.0,2.02
2022,eMudhraIPO,256.0,257.89,257.9,0.74,0.74,0.0,10.0,1.43,1.7,0.66,1.77,1.43,0.16,0.28,1.43,0.0,0.0,0.0,0.0,2980.76,2626.0,354.76,,39.0,,-408.3,0.88,,0.7,emudhra,https://ipogyani.com/listed-ipo/2022/emudhra,0.0,0.0,0.0,0.0,0.0,0.0
2022,Five-Star Business FinanceIPO,474.0,490.02,455.0,3.38,-4.01,-7.39,35.0,25.98,33.26,48.39,14.77,25.98,0.39,0.94,25.98,0.0,0.0,0.0,0.0,200.0,160.0,40.0,24.16,24.76,1.22,10.09,0.67,,3.4,five-star-business-finance,https://ipogyani.com/listed-ipo/2022/five-star-business-finance,0.0,0.0,0.0,0.0,0.0,0.0
2022,Fusion Micro FinanceIPO,368.0,324.8,348.0,-11.74,-5.43,6.3,35.0,22.19,64.23,15.21,2.14,22.19,0.08,0.31,22.19,35.0,9.51,9.51,9.51,852.53,400.0,452.53,67.68,140.74,1.27,35.12,0.32,,-11.7,fusion-micro-finance,https://ipogyani.com/listed-ipo/2022/fusion-micro-finance,35.0,35.0,35.0,9.51,10.0,2.72
2022,Global Health (Medanta)IPO,336.0,415.3,393.0,23.6,16.96,-6.64,35.0,28.46,62.32,31.82,7.98,28.46,0.43,1.76,28.46,20.0,5.95,7.44,8.33,540.0,440.0,100.0,44.53,41.73,1.29,12.43,0.8,,23.6,global-health-medanta,https://ipogyani.com/listed-ipo/2022/global-health-medanta,25.0,28.0,20.0,5.95,18.0,5.36
2022,HariOm Pipe IndustriesIPO,153.0,231.0,231.0,50.98,50.98,0.0,35.0,221.68,236.94,507.27,90.56,221.68,17.29,50.63,221.68,45.0,29.41,29.41,29.41,220.5,220.5,0.0,16.21,32.94,1.22,74.49,0.01,,51.0,hariom-pipe-industries,https://ipogyani.com/listed-ipo/2022/hariom-pipe-industries,45.0,45.0,45.0,29.41,45.0,29.41
2022,Harsha Engineers InternationalIPO,330.0,486.49,486.5,47.42,47.42,0.0,10.0,4.5,7.46,1.02,0.83,4.5,0.06,0.17,4.5,200.0,60.61,60.61,60.61,3500.0,2500.0,1000.0,220.81,107.61,1.22,49.78,1.07,,47.4,harsha-engineers-international,https://ipogyani.com/listed-ipo/2022/harsha-engineers-international,200.0,200.0,210.0,63.64,225.0,68.18
2022,Inox Green Energy ServicesIPO,65.0,59.1,59.25,-9.08,-8.85,0.23,35.0,2.88,7.7,1.58,0.69,2.88,0.1,0.25,2.88,7.0,10.77,10.77,10.77,2000.0,0.0,2000.0,39.88,950.31,1.15,40.07,0.12,,-9.1,inox-green-energy-services,https://ipogyani.com/listed-ipo/2022/inox-green-energy-services,7.0,7.0,7.0,10.77,5.0,7.69
2022,Kaynes Technology IndiaIPO,587.0,689.96,685.22,17.54,16.73,-0.81,35.0,59.82,134.35,76.15,10.24,59.82,0.62,2.75,59.82,20.0,3.41,3.41,3.41,860.0,0.0,860.0,28.03,17.52,1.37,25.05,0.0,,17.5,kaynes-technology-india,https://ipogyani.com/listed-ipo/2022/kaynes-technology-india,20.0,20.0,50.0,8.52,90.0,15.33
2022,Keystone Realtors (Rustomjee)IPO,541.0,556.85,547.0,2.93,1.11,-1.82,35.0,13.45,24.41,22.78,3.53,13.45,0.5,1.15,13.45,0.0,0.0,0.0,0.92,582.56,445.0,137.56,,63.18,1.22,62.39,2.9,,2.9,keystone-realtors-rustomjee,https://ipogyani.com/listed-ipo/2022/keystone-realtors-rustomjee,0.0,5.0,5.0,0.92,5.0,0.92
2022,KFin TechnologiesIPO,366.0,363.84,371.0,-0.59,1.37,1.96,35.0,1.85,1.3,1.83,2.19,1.85,0.37,0.88,1.85,0.0,0.0,0.0,0.0,254.26,165.16,89.09,22.93,18.8,1.17,52.3,4.02,,-0.6,kfin-technologies,https://ipogyani.com/listed-ipo/2022/kfin-technologies,0.0,0.0,5.0,,5.0,1.37
2022,Landmark CarsIPO,506.0,458.39,486.0,-9.41,-3.95,5.46,10.0,4.48,5.42,1.92,6.4,4.48,0.69,1.31,4.48,45.0,8.89,8.89,6.92,759.6,759.6,0.0,146.59,44.13,1.22,35.45,7.4,,-9.4,landmark-cars,https://ipogyani.com/listed-ipo/2022/landmark-cars,45.0,35.0,32.0,6.32,20.0,3.95
2022,Life Insurance Corp.of India,949.0,875.26,875.25,-7.77,-7.77,-0.0,35.0,6.43,14.41,6.46,1.9,6.43,0.28,0.49,6.43,70.0,7.38,7.38,8.43,1269.35,0.0,1269.35,35.78,51.73,1.23,15.82,0.01,,-7.8,life-insurance-corporation,https://ipogyani.com/listed-ipo/2022/life-insurance-corporation,70.0,80.0,60.0,6.32,10.0,1.05
2022,Paradeep PhosphatesIPO,42.0,43.9,43.55,4.52,3.69,-0.83,35.0,41.3,108.35,38.33,4.26,41.3,0.67,2.89,41.3,0.0,0.0,0.0,0.0,2150.0,2150.0,0.0,24.47,67.17,1.22,12.54,0.97,,4.5,paradeep-phosphates,https://ipogyani.com/listed-ipo/2022/paradeep-phosphates,0.0,0.0,0.0,0.0,0.0,0.0
2022,Prudent Corporate AdvisoryIPO,630.0,561.77,561.75,-10.83,-10.83,-0.0,35.0,2.66,9.09,0.2,0.11,2.66,0.03,0.15,2.66,30.0,4.76,4.76,4.76,8750.0,0.0,8750.0,37.76,61.5,1.2,15.3,0.07,,-10.8,prudent-corporate-advisory,https://ipogyani.com/listed-ipo/2022/prudent-corporate-advisory,30.0,30.0,20.0,3.17,20.0,3.17
2022,Rainbow Children's MedicareIPO,542.0,450.19,515.0,-16.94,-4.98,11.96,35.0,174.71,317.63,263.11,55.84,174.71,3.82,9.09,174.71,40.0,7.38,9.23,9.23,500.0,250.0,250.0,51.6,129.33,1.31,37.93,0.32,,-16.9,rainbow-children-s-medicare,https://ipogyani.com/listed-ipo/2022/rainbow-children-s-medicare,50.0,50.0,45.0,8.3,50.0,9.23
2022,Sula VineyardsIPO,357.0,331.19,362.0,-7.23,1.4,8.63,10.0,12.33,14.35,8.24,12.55,12.33,0.87,2.54,12.33,35.0,9.8,9.8,9.8,700.0,650.0,50.0,,66.66,1.22,62.32,1.18,,-7.2,sula-vineyards,https://ipogyani.com/listed-ipo/2022/sula-vineyards,35.0,35.0,25.0,7.0,25.0,7.0
2022,Syrma SGS TechnologyIPO,220.0,310.51,312.0,41.14,41.82,0.68,35.0,97.19,104.49,222.13,39.48,97.19,3.55,12.36,97.19,20.0,9.09,9.09,9.09,168.0,168.0,0.0,20.97,149.0,1.27,14.2,0.51,,41.1,syrma-sgs-technology,https://ipogyani.com/listed-ipo/2022/syrma-sgs-technology,20.0,20.0,30.0,13.64,35.0,15.91
2022,Tamilnad Mercantile BankIPO,510.0,509.64,493.0,-0.07,-3.33,-3.26,10.0,2.09,3.3,0.56,0.77,2.09,0.26,0.33,2.09,25.0,4.9,4.9,4.9,2800.0,2800.0,0.0,233.46,43.25,1.27,71.19,2.59,,-0.1,tamilnad-mercantile-bank,https://ipogyani.com/listed-ipo/2022/tamilnad-mercantile-bank,25.0,25.0,20.0,3.92,15.0,2.94
2022,Tracxn TechnologiesIPO,80.0,93.25,95.0,16.56,18.75,2.19,10.0,2.65,1.42,3.14,5.58,2.65,0.24,1.59,2.65,0.0,0.0,0.0,0.0,499.6,499.6,0.0,206.63,,1.17,1.87,1.45,,16.6,tracxn-technologies,https://ipogyani.com/listed-ipo/2022/tracxn-technologies,0.0,0.0,0.0,0.0,0.0,0.0
2022,Uma ExportsIPO,68.0,79.8,79.8,17.35,17.35,0.0,10.0,113.97,110.38,147.51,74.41,113.97,5.3,16.03,113.97,0.0,0.0,0.0,0.0,698.06,138.0,560.06,51.99,95.0,1.26,12.29,0.94,,17.4,uma-exports,https://ipogyani.com/listed-ipo/2022/uma-exports,0.0,0.0,0.0,0.0,0.0,0.0
2022,Uniparts IndiaIPO,577.0,539.67,550.0,-6.47,-4.68,1.79,35.0,146.9,266.21,226.45,45.31,146.9,8.99,26.93,146.9,140.0,24.26,20.8,17.33,460.44,400.0,60.44,39.14,,1.33,8.94,1.92,,-6.5,uniparts-india,https://ipogyani.com/listed-ipo/2022/uniparts-india,120.0,100.0,80.0,13.86,60.0,10.4
2022,Vedant Fashions (Manyavar)IPO,866.0,933.55,943.05,7.8,8.9,1.1,10.0,185.8,132.54,254.16,243.03,185.8,15.86,48.99,185.8,40.0,4.62,4.62,5.77,290.0,290.0,0.0,59.1,58.52,1.45,24.15,1.86,,7.8,vedant-fashions-manyavar,https://ipogyani.com/listed-ipo/2022/vedant-fashions-manyavar,40.0,50.0,40.0,4.62,15.0,1.73
2022,Venus Pipes & TubesIPO,326.0,354.36,354.35,8.7,8.7,-0.0,10.0,9.8,9.08,13.85,5.87,9.8,0.71,1.28,9.8,20.0,6.13,10.74,10.74,1600.0,1600.0,0.0,90.3,155.45,1.22,45.6,1.23,,8.7,venus-pipes-and-tubes,https://ipogyani.com/listed-ipo/2022/venus-pipes-and-tubes,35.0,35.0,35.0,10.74,30.0,9.2
2022,Veranda Learning SolutionsIPO,137.0,131.25,131.25,-4.2,-4.2,0.0,35.0,188.38,172.93,422.42,96.9,188.38,7.08,32.12,188.38,15.0,10.95,10.95,10.95,199.45,160.73,38.72,21.53,76.16,1.27,11.3,0.55,,-4.2,veranda-learning-solutions,https://ipogyani.com/listed-ipo/2022/veranda-learning-solutions,15.0,15.0,10.0,7.3,15.0,10.95
2023,Aeroflex IndustriesIPO,108.0,190.0,163.6,75.93,51.48,-24.44,35.0,96.99,194.73,126.08,34.2,96.99,6.72,21.1,96.99,60.0,55.56,60.19,57.41,351.0,162.0,189.0,40.91,21.0,1.95,20.05,0.39,,75.9,aeroflex-industries,https://ipogyani.com/listed-ipo/2023/aeroflex-industries,65.0,62.0,55.0,50.93,55.0,50.93
2023,ASK AutomotiveIPO,282.0,303.3,310.1,7.55,9.96,2.41,35.0,51.13,142.41,35.47,5.69,51.13,0.38,1.35,51.13,35.0,12.41,12.41,12.41,833.91,0.0,833.91,45.63,24.0,1.9,9.65,0.49,,7.6,ask-automotive,https://ipogyani.com/listed-ipo/2023/ask-automotive,35.0,35.0,40.0,14.18,47.0,16.67
2023,Avalon TechnologiesIPO,436.0,436.0,398.0,0.0,-8.72,-8.72,10.0,2.21,3.57,0.41,0.84,2.21,0.03,0.09,2.21,25.0,5.73,5.73,5.73,865.0,320.0,545.0,38.58,38.0,1.02,10.05,3.64,,0.0,avalon-technologies,https://ipogyani.com/listed-ipo/2023/avalon-technologies,25.0,25.0,25.0,5.73,25.0,5.73
2023,Azad EngineeringIPO,524.0,720.0,677.5,37.4,29.29,-8.11,35.0,80.59,179.66,87.54,23.69,80.59,3.31,11.11,80.59,400.0,76.34,82.06,85.88,740.0,240.0,500.0,292.74,50.0,5.85,28.72,1.47,,37.4,azad-engineering,https://ipogyani.com/listed-ipo/2023/azad-engineering,430.0,450.0,410.0,78.24,370.0,70.61
2023,Blue Jet HealthcareIPO,346.0,380.0,413.4,9.83,19.48,9.65,35.0,7.94,13.72,13.59,2.22,7.94,0.69,1.32,7.94,95.0,27.46,27.46,20.23,840.27,0.0,840.27,37.49,35.0,1.07,30.39,0.0,,9.8,blue-jet-healthcare,https://ipogyani.com/listed-ipo/2023/blue-jet-healthcare,95.0,70.0,45.0,13.01,25.0,7.23
2023,Cello WorldIPO,648.0,829.0,791.7,27.93,22.18,-5.76,35.0,38.9,108.57,24.42,3.06,38.9,0.38,1.44,38.9,100.0,15.43,15.43,18.52,1900.0,0.0,1900.0,49.2,40.0,1.23,24.34,0.57,,27.9,cello-world,https://ipogyani.com/listed-ipo/2023/cello-world,100.0,120.0,130.0,20.06,130.0,20.06
2023,Concord BiotechIPO,741.0,900.05,942.8,21.46,27.23,5.77,35.0,24.86,67.67,16.99,3.78,24.86,0.58,2.72,24.86,220.0,29.69,22.94,22.94,1550.52,0.0,1550.52,32.29,35.0,0.92,40.47,0.02,,21.5,concord-biotech,https://ipogyani.com/listed-ipo/2023/concord-biotech,170.0,170.0,180.0,24.29,160.0,21.59
2023,Credo Brands Marketing (MUFTI)IPO,280.0,282.35,312.2,0.84,11.5,10.66,35.0,51.67,104.95,55.41,19.62,51.67,2.09,6.95,51.67,120.0,42.86,39.29,43.57,549.78,0.0,549.78,23.22,30.0,0.77,32.89,0.65,,0.8,credo-brands-marketing-mufti,https://ipogyani.com/listed-ipo/2023/credo-brands-marketing-mufti,110.0,122.0,130.0,46.43,130.0,46.43
2023,Cyient DLMIPO,265.0,403.0,420.75,52.08,58.77,6.7,10.0,67.31,90.44,45.05,49.22,67.31,2.65,7.95,67.31,100.0,37.74,39.62,37.74,592.0,592.0,0.0,34.19,40.0,0.85,10.55,1.8,,52.1,cyient-dlm,https://ipogyani.com/listed-ipo/2023/cyient-dlm,105.0,100.0,95.0,35.85,105.0,39.62
2023,Divgi TorqTransfer SystemsIPO,590.0,620.0,605.2,5.08,2.58,-2.51,10.0,5.44,7.83,1.4,4.31,5.44,0.12,0.38,5.44,50.0,8.47,8.47,8.47,412.12,180.0,232.12,35.2,24.0,1.47,28.07,0.0,,5.1,divgi-torqtransfer-systems,https://ipogyani.com/listed-ipo/2023/divgi-torqtransfer-systems,50.0,50.0,50.0,8.47,50.0,8.47
2023,DOMS IndustriesIPO,790.0,1400.0,1326.05,77.22,67.85,-9.36,10.0,93.4,115.97,66.47,69.1,93.4,5.72,15.2,93.4,460.0,58.23,54.43,58.23,1200.0,350.0,850.0,43.19,32.0,1.35,15.4,0.28,,77.2,doms-industries,https://ipogyani.com/listed-ipo/2023/doms-industries,430.0,460.0,480.0,60.76,500.0,63.29
2023,EMS LimitedIPO,211.0,282.0,279.9,33.65,32.65,-1.0,35.0,75.26,153.02,82.32,29.75,75.26,3.77,15.05,75.26,100.0,47.39,56.87,59.24,321.25,146.24,175.01,9.11,18.0,0.51,27.69,0.09,,33.6,ems-limited,https://ipogyani.com/listed-ipo/2023/ems-limited,120.0,125.0,125.0,59.24,120.0,56.87
2023,ESAF Small Finance BankIPO,60.0,71.0,69.05,18.33,15.08,-3.25,35.0,73.14,173.52,84.36,16.95,73.14,1.74,8.32,73.14,12.0,20.0,20.0,30.0,463.0,390.7,72.3,8.94,19.0,0.47,21.99,,,18.3,esaf-small-finance-bank,https://ipogyani.com/listed-ipo/2023/esaf-small-finance-bank,12.0,18.0,20.0,33.33,20.0,33.33
2023,Fedbank Financial Services (FedFina)IPO,140.0,138.0,140.25,-1.43,0.18,1.61,35.0,2.2,3.51,1.45,1.82,2.2,0.38,0.9,2.2,10.0,7.14,5.71,5.71,1092.26,600.77,492.26,25.04,12.5,2.0,68.19,,,-1.4,fedbank-financial-services-fedfina,https://ipogyani.com/listed-ipo/2023/fedbank-financial-services-fedfina,8.0,8.0,8.0,5.71,5.0,3.57
2023,Flair Writing IndustriesIPO,304.0,501.0,450.9,64.8,48.32,-16.48,35.0,46.67,115.6,33.37,12.99,46.67,2.18,6.12,46.67,60.0,19.74,18.09,19.08,593.0,292.0,301.0,24.01,26.0,0.92,19.47,0.26,,64.8,flair-writing-industries,https://ipogyani.com/listed-ipo/2023/flair-writing-industries,55.0,58.0,60.0,19.74,70.0,23.03
2023,Gandhar Oil Refinery (India)IPO,169.0,298.0,301.4,76.33,78.34,2.01,35.0,64.05,129.0,62.23,28.92,64.05,5.54,15.27,64.05,52.0,30.77,32.54,35.5,500.69,302.0,198.69,7.11,20.0,0.36,7.76,0.22,,76.3,gandhar-oil-refinery-india,https://ipogyani.com/listed-ipo/2023/gandhar-oil-refinery-india,55.0,60.0,65.0,38.46,70.0,41.42
2023,Global SurfacesIPO,140.0,164.0,171.1,17.14,22.21,5.07,35.0,12.21,8.95,33.1,5.12,12.21,0.42,1.11,12.21,40.0,28.57,28.57,28.57,154.98,119.28,35.7,13.31,18.0,0.74,21.97,0.28,,17.1,global-surfaces,https://ipogyani.com/listed-ipo/2023/global-surfaces,40.0,40.0,45.0,32.14,35.0,25.0
2023,Happy ForgingsIPO,850.0,1000.0,1030.8,17.65,21.27,3.62,35.0,81.91,220.48,62.09,14.88,81.91,2.32,7.47,81.91,450.0,52.94,50.0,51.76,1008.59,400.0,608.59,36.45,22.0,1.66,28.49,0.22,,17.6,happy-forgings,https://ipogyani.com/listed-ipo/2023/happy-forgings,425.0,440.0,440.0,51.76,430.0,50.59
2023,HMA Agro IndustriesIPO,585.0,625.0,585.7,6.84,0.12,-6.72,35.0,1.62,1.74,2.97,0.96,1.62,0.32,0.55,1.62,20.0,3.42,3.76,4.27,480.0,150.0,330.0,23.99,12.0,2.0,5.7,0.88,,6.8,hma-agro-industries,https://ipogyani.com/listed-ipo/2023/hma-agro-industries,22.0,25.0,22.0,3.76,20.0,3.42
2023,Honasa Consumer (Mamaearth)IPO,324.0,330.0,337.1,1.85,4.04,2.19,10.0,7.61,11.5,4.02,1.34,7.61,0.13,0.7,7.61,20.0,6.17,3.09,2.47,1701.44,365.0,1336.44,,47.5,0.0,1.52,,,1.9,honasa-consumer-mamaearth,https://ipogyani.com/listed-ipo/2023/honasa-consumer-mamaearth,10.0,8.0,8.0,2.47,8.0,2.47
2023,ideaForge TechnologyIPO,672.0,1300.0,1295.0,93.45,92.71,-0.74,10.0,106.06,125.81,80.58,85.2,106.06,3.69,13.27,106.06,500.0,74.4,74.4,71.43,567.24,240.0,327.24,82.76,50.0,1.66,30.91,0.27,,93.5,ideaforge-technology,https://ipogyani.com/listed-ipo/2023/ideaforge-technology,500.0,480.0,480.0,71.43,530.0,78.87
2023,IKIO LightingIPO,285.0,392.5,403.9,37.72,41.72,4.0,35.0,66.3,163.58,63.35,13.86,66.3,1.55,6.83,66.3,85.0,29.82,29.82,30.88,606.5,350.0,256.5,36.68,42.5,0.86,23.3,0.17,,37.7,ikio-lighting,https://ipogyani.com/listed-ipo/2023/ikio-lighting,85.0,88.0,100.0,35.09,110.0,38.6
2023,India Shelter Finance CorporationIPO,493.0,620.0,544.7,25.76,10.49,-15.27,35.0,36.62,89.7,28.47,9.79,36.62,1.48,4.36,36.62,200.0,40.57,37.53,30.43,1200.0,800.0,400.0,28.22,28.0,1.01,71.65,2.12,,25.8,india-shelter-finance-corporation,https://ipogyani.com/listed-ipo/2023/india-shelter-finance-corporation,185.0,150.0,160.0,32.45,160.0,32.45
2023,Innova CaptabIPO,448.0,452.1,541.4,0.92,20.85,19.93,35.0,55.26,116.73,64.95,17.15,55.26,1.41,3.75,55.26,210.0,46.88,46.88,33.48,570.0,320.0,250.0,31.64,25.0,1.27,13.26,0.85,,0.9,innova-captab,https://ipogyani.com/listed-ipo/2023/innova-captab,210.0,150.0,100.0,22.32,130.0,29.02
2023,INOX IndiaIPO,660.0,949.65,939.95,43.89,42.42,-1.47,35.0,60.99,147.8,52.97,14.82,60.99,2.79,7.14,60.99,250.0,37.88,45.45,64.39,1459.32,0.0,1459.32,39.22,31.5,1.25,22.62,,,43.9,inox-india,https://ipogyani.com/listed-ipo/2023/inox-india,300.0,425.0,450.0,68.18,530.0,80.3
2023,Indian Renewable Energy Development Agency Ltd.,32.0,50.0,60.0,56.25,87.5,31.25,35.0,38.79,104.57,24.16,7.71,38.79,1.96,4.56,38.79,7.0,21.88,25.0,25.0,2150.21,1290.13,860.08,8.47,10.0,0.85,90.49,6.77,,56.3,ireda-indian-renewable-energy-dev-agency,https://ipogyani.com/listed-ipo/2023/ireda-indian-renewable-energy-dev-agency,8.0,8.0,7.0,21.88,7.0,21.88
2023,IRM EnergyIPO,505.0,477.25,473.15,-5.5,-6.31,-0.81,35.0,27.05,44.73,48.34,9.28,27.05,2.67,4.37,27.05,85.0,16.83,17.43,14.85,544.36,544.36,0.0,24.13,24.0,1.01,12.14,0.86,,-5.5,irm-energy,https://ipogyani.com/listed-ipo/2023/irm-energy,88.0,75.0,70.0,13.86,55.0,10.89
2023,JSW InfrastructureIPO,119.0,143.0,157.3,20.17,32.18,12.02,10.0,37.37,57.09,15.98,10.27,37.37,0.43,2.14,37.37,15.0,12.61,12.61,15.13,2800.0,2800.0,0.0,29.68,30.0,0.99,53.32,0.54,,20.2,jsw-infrastructure,https://ipogyani.com/listed-ipo/2023/jsw-infrastructure,15.0,18.0,18.0,15.13,20.0,16.81
2023,Jupiter Life Line HospitalsIPO,735.0,973.0,1075.8,32.38,46.37,13.99,35.0,63.72,187.32,34.75,7.73,63.72,0.88,3.3,63.72,80.0,10.88,27.21,29.25,869.08,542.0,327.08,56.76,46.0,1.23,23.45,1.29,,32.4,jupiter-life-line-hospitals,https://ipogyani.com/listed-ipo/2023/jupiter-life-line-hospitals,200.0,215.0,220.0,29.93,270.0,36.73
2023,Mankind PharmaIPO,1080.0,1300.0,1422.3,20.37,31.69,11.32,35.0,15.32,49.16,3.8,0.92,15.32,0.14,0.87,15.32,75.0,6.94,6.94,7.87,4326.36,0.0,4326.36,30.18,38.0,0.79,25.75,0.08,,20.4,mankind-pharma,https://ipogyani.com/listed-ipo/2023/mankind-pharma,75.0,85.0,70.0,6.48,45.0,4.17
2023,Manoj Vaibhav Gems N JewellersIPO,215.0,215.0,215.5,0.0,0.23,0.23,35.0,2.25,1.06,5.18,1.66,2.25,0.14,0.58,2.25,10.0,4.65,4.65,4.65,270.2,210.0,60.2,11.74,22.5,0.52,7.06,1.34,,0.0,manoj-vaibhav-gems-n-jewellers,https://ipogyani.com/listed-ipo/2023/manoj-vaibhav-gems-n-jewellers,10.0,10.0,10.0,4.65,10.0,4.65
2023,Motisons JewellersIPO,55.0,105.0,103.55,90.91,88.27,-2.64,35.0,158.96,157.4,233.69,121.13,158.96,15.02,51.5,158.96,95.0,172.73,172.73,181.82,151.09,151.09,0.0,16.08,20.0,0.8,13.55,1.2,,90.9,motisons-jewellers,https://ipogyani.com/listed-ipo/2023/motisons-jewellers,95.0,100.0,110.0,200.0,100.0,181.82
2023,Muthoot MicrofinIPO,291.0,275.3,265.15,-5.4,-8.88,-3.49,35.0,11.49,17.47,13.19,7.56,11.49,0.83,2.83,11.49,100.0,34.36,34.36,30.93,960.0,760.0,200.0,24.96,15.0,1.66,55.19,3.99,,-5.4,muthoot-microfin,https://ipogyani.com/listed-ipo/2023/muthoot-microfin,100.0,90.0,70.0,24.05,60.0,20.62
2023,Netweb TechnologiesIPO,500.0,947.0,912.0,89.4,82.4,-7.0,35.0,90.36,228.91,81.81,19.15,90.36,2.33,9.14,90.36,320.0,64.0,64.0,66.0,631.0,206.0,425.0,55.13,40.0,1.38,15.89,0.3,,89.4,netweb-technologies,https://ipogyani.com/listed-ipo/2023/netweb-technologies,320.0,330.0,350.0,70.0,370.0,74.0
2023,Nexus Select TrustIPO,100.0,103.0,104.3,3.0,4.3,1.3,10.0,5.45,4.83,6.22,5.45,5.45,0.27,0.57,5.45,5.0,5.0,5.0,8.0,3200.0,1400.0,1800.0,,26.0,0.0,,,,3.0,nexus-select-trust,https://ipogyani.com/listed-ipo/2023/nexus-select-trust,5.0,8.0,8.0,8.0,8.0,8.0
2023,Plaza WiresIPO,54.0,76.0,80.2,40.74,48.52,7.78,35.0,160.92,42.84,388.07,374.46,160.92,9.14,27.9,160.92,10.0,18.52,18.52,27.78,71.28,71.28,0.0,21.95,33.0,0.67,8.6,0.75,,40.7,plaza-wires,https://ipogyani.com/listed-ipo/2023/plaza-wires,10.0,15.0,12.0,22.22,20.0,37.04
2023,Protean eGov TechnologiesIPO,792.0,792.0,883.0,0.0,11.49,11.49,35.0,23.86,46.94,31.62,8.92,23.86,1.08,3.23,23.86,110.0,13.89,13.89,18.94,489.95,0.0,489.95,29.91,35.0,0.85,21.51,,,0.0,protean-egov-technologies,https://ipogyani.com/listed-ipo/2023/protean-egov-technologies,110.0,150.0,110.0,13.89,100.0,12.63
2023,Pyramid TechnoplastIPO,166.0,187.0,177.65,12.65,7.02,-5.63,50.0,18.29,9.94,32.24,14.72,18.29,1.61,6.74,18.29,22.0,13.25,16.27,14.46,153.05,91.3,61.75,16.21,17.0,0.95,10.75,0.52,,12.7,pyramid-technoplast,https://ipogyani.com/listed-ipo/2023/pyramid-technoplast,27.0,24.0,25.0,15.06,27.0,16.27
2023,R R KabelIPO,1035.0,1180.0,1198.05,14.01,15.75,1.74,35.0,18.69,52.26,13.23,2.12,18.69,0.25,1.44,18.69,230.0,22.22,20.29,19.32,,,,60.63,33.0,1.84,,,,14.0,r-r-kabel,https://ipogyani.com/listed-ipo/2023/r-r-kabel,210.0,200.0,175.0,16.91,130.0,12.56
2023,Radiant Cash Management ServicesIPO,99.0,103.0,104.9,4.04,5.96,1.92,35.0,0.53,1.01,0.66,0.21,0.53,0.04,0.11,0.53,0.0,0.0,0.0,0.0,256.64,54.0,202.64,26.26,17.0,1.54,20.73,0.21,,4.0,radiant-cash-management-services,https://ipogyani.com/listed-ipo/2023/radiant-cash-management-services,0.0,0.0,0.0,0.0,0.0,0.0
2023,Ratnaveer Precision EngineeringIPO,98.0,123.2,129.35,25.71,31.99,6.28,35.0,93.96,133.05,135.2,53.95,93.96,5.77,21.82,93.96,50.0,51.02,56.12,56.12,165.03,135.24,29.79,13.5,18.0,0.75,9.8,2.17,,25.7,ratnaveer-precision-engineering,https://ipogyani.com/listed-ipo/2023/ratnaveer-precision-engineering,55.0,55.0,55.0,56.12,55.0,56.12
2023,RBZ JewellersIPO,100.0,100.0,105.0,0.0,5.0,5.0,35.0,16.65,13.43,9.23,24.3,16.65,2.28,7.15,16.65,10.0,10.0,10.0,7.0,100.0,100.0,0.0,13.44,20.0,0.67,13.71,1.02,,0.0,rbz-jewellers,https://ipogyani.com/listed-ipo/2023/rbz-jewellers,10.0,7.0,7.0,7.0,7.0,7.0
2023,Rishabh InstrumentsIPO,441.0,460.05,443.15,4.32,0.49,-3.83,35.0,31.63,72.54,31.28,8.41,31.63,0.73,2.46,31.63,30.0,6.8,6.8,10.2,490.78,75.0,415.78,34.56,40.0,0.86,15.16,0.26,,4.3,rishabh-instruments,https://ipogyani.com/listed-ipo/2023/rishabh-instruments,30.0,45.0,60.0,13.61,75.0,17.01
2023,Sah PolymersIPO,65.0,85.0,89.25,30.77,37.31,6.54,10.0,17.46,2.4,32.69,39.78,17.46,0.86,2.37,17.46,5.0,7.69,7.69,7.69,66.3,66.3,0.0,23.13,22.5,1.03,9.61,1.15,,30.8,sah-polymers,https://ipogyani.com/listed-ipo/2023/sah-polymers,5.0,5.0,5.0,7.69,12.0,18.46
2023,Sai Silks (Kalamandir)IPO,222.0,231.0,244.9,4.05,10.32,6.26,35.0,4.4,12.35,2.47,0.88,4.4,0.11,0.33,4.4,15.0,6.76,6.76,4.5,1201.0,600.0,601.0,27.37,30.0,0.91,9.21,0.89,,4.1,sai-silks-kalamandir,https://ipogyani.com/listed-ipo/2023/sai-silks-kalamandir,15.0,10.0,15.0,6.76,15.0,6.76
2023,SAMHI HotelsIPO,126.0,134.5,143.4,6.75,13.81,7.06,10.0,5.33,8.82,1.22,1.11,5.33,0.08,0.13,5.33,10.0,7.94,7.94,7.94,1370.1,1200.0,170.1,,50.0,0.0,34.22,,,6.7,samhi-hotels,https://ipogyani.com/listed-ipo/2023/samhi-hotels,10.0,10.0,10.0,7.94,10.0,7.94
2023,SBFC FinanceIPO,57.0,82.0,92.2,43.86,61.75,17.89,35.0,70.16,192.9,49.09,10.99,70.16,1.91,7.09,70.16,40.0,70.18,70.18,70.18,1025.0,600.0,425.0,35.19,28.0,1.26,74.96,2.55,,43.9,sbfc-finance,https://ipogyani.com/listed-ipo/2023/sbfc-finance,40.0,40.0,40.0,70.18,45.0,78.95
2023,Senco GoldIPO,317.0,430.0,404.95,35.65,27.74,-7.9,35.0,73.35,180.94,64.99,15.46,73.35,0.69,2.68,73.35,60.0,18.93,20.5,34.7,405.0,270.0,135.0,13.86,42.5,0.33,8.46,1.25,,35.6,senco-gold,https://ipogyani.com/listed-ipo/2023/senco-gold,65.0,110.0,120.0,37.85,115.0,36.28
2023,Signatureglobal (India)IPO,385.0,444.0,458.6,15.32,19.12,3.79,10.0,11.88,12.71,13.54,6.81,11.88,0.76,1.62,11.88,28.0,7.27,9.09,10.39,730.0,603.0,127.0,,50.0,0.0,13.88,,,15.3,signatureglobal-india,https://ipogyani.com/listed-ipo/2023/signatureglobal-india,35.0,40.0,35.0,9.09,35.0,9.09
2023,Suraj Estate DevelopersIPO,360.0,340.0,334.5,-5.56,-7.08,-1.53,35.0,15.58,24.31,18.88,9.18,15.58,0.72,2.42,15.58,55.0,15.28,15.28,18.06,400.0,400.0,0.0,35.64,40.0,0.89,49.39,8.31,,-5.6,suraj-estate-developers,https://ipogyani.com/listed-ipo/2023/suraj-estate-developers,55.0,65.0,65.0,18.06,65.0,18.06
2023,Tata TechnologiesIPO,500.0,1200.0,1313.0,140.0,162.6,22.6,35.0,69.41,203.41,62.1,16.47,69.41,6.55,14.86,69.41,350.0,70.0,71.0,66.0,3042.51,0.0,3042.51,32.53,67.0,0.49,20.59,0.08,,140.0,tata-technologies,https://ipogyani.com/listed-ipo/2023/tata-technologies,355.0,330.0,360.0,72.0,390.0,78.0
2023,TVS Supply Chain SolutionsIPO,197.0,207.05,201.1,5.1,2.08,-3.02,10.0,2.78,1.35,2.35,7.61,2.78,0.55,1.03,2.78,27.0,13.71,15.23,10.15,880.0,600.0,280.0,193.14,35.0,5.52,6.68,1.61,,5.1,tvs-supply-chain-solutions,https://ipogyani.com/listed-ipo/2023/tvs-supply-chain-solutions,30.0,20.0,20.0,10.15,20.0,10.15
2023,Udayshivakumar InfraIPO,35.0,30.0,31.5,-14.29,-10.0,4.29,35.0,30.63,40.47,60.42,14.1,30.63,0.58,2.2,30.63,10.0,28.57,28.57,28.57,66.0,66.0,0.0,10.51,16.0,0.66,13.41,0.39,,-14.3,udayshivakumar-infra,https://ipogyani.com/listed-ipo/2023/udayshivakumar-infra,10.0,10.0,15.0,42.86,10.0,28.57
2023,Updater Services (UDS)IPO,300.0,285.0,283.9,-5.0,-5.37,-0.37,10.0,2.89,4.48,0.85,1.38,2.89,0.06,0.16,2.89,15.0,5.0,5.0,5.0,640.0,400.0,240.0,44.78,25.0,1.79,4.78,0.46,,-5.0,updater-services-uds,https://ipogyani.com/listed-ipo/2023/updater-services-uds,15.0,15.0,15.0,5.0,5.0,1.67
2023,Utkarsh Small Finance BankIPO,25.0,40.0,48.0,60.0,92.0,32.0,10.0,101.91,124.85,81.64,72.1,101.91,4.73,16.2,101.91,15.0,60.0,52.0,60.0,500.0,500.0,0.0,5.53,20.0,0.28,,8.03,,60.0,utkarsh-small-finance-bank,https://ipogyani.com/listed-ipo/2023/utkarsh-small-finance-bank,13.0,15.0,15.0,60.0,15.0,60.0
2023,Valiant LaboratoriesIPO,140.0,162.15,170.25,15.82,21.61,5.79,35.0,29.73,20.83,73.62,16.0,29.73,0.33,0.72,29.73,5.0,3.57,3.57,7.14,152.46,152.46,0.0,15.71,25.0,0.63,10.51,0.59,,15.8,valiant-laboratories,https://ipogyani.com/listed-ipo/2023/valiant-laboratories,5.0,10.0,10.0,7.14,15.0,10.71
2023,Vishnu Prakash R PungliaIPO,99.0,165.0,145.7,66.67,47.17,-19.49,35.0,87.79,171.69,111.02,31.96,87.79,3.77,10.63,87.79,40.0,40.4,65.66,65.66,308.61,308.61,0.0,9.51,16.0,0.59,13.63,0.8,,66.7,vishnu-prakash-r-punglia,https://ipogyani.com/listed-ipo/2023/vishnu-prakash-r-punglia,65.0,65.0,65.0,65.66,60.0,60.61
2023,Yatharth Hospital and Trauma CareIPO,300.0,306.1,331.3,2.03,10.43,8.4,35.0,36.15,85.1,37.22,8.34,36.15,1.08,3.03,36.15,65.0,21.67,23.33,23.33,686.55,490.0,196.55,29.73,43.0,0.69,25.71,1.44,,2.0,yatharth-hospital-and-trauma-care,https://ipogyani.com/listed-ipo/2023/yatharth-hospital-and-trauma-care,70.0,70.0,60.0,20.0,55.0,18.33
2023,Yatra OnlineIPO,142.0,127.5,135.9,-10.21,-4.3,5.92,10.0,1.61,2.05,0.42,2.1,1.61,0.11,0.31,1.61,0.0,0.0,0.0,0.0,775.0,602.0,173.0,205.8,72.5,2.84,17.62,0.9,,-10.2,yatra-online,https://ipogyani.com/listed-ipo/2023/yatra-online,0.0,0.0,0.0,0.0,0.0,0.0
2023,Zaggle Prepaid Ocean ServicesIPO,164.0,164.0,158.4,0.0,-3.41,-3.41,10.0,12.55,16.73,8.83,5.87,12.55,0.2,0.43,12.55,10.0,6.1,6.1,12.2,563.38,392.0,171.38,66.67,30.0,2.22,8.69,2.42,,0.0,zaggle-prepaid-ocean-services,https://ipogyani.com/listed-ipo/2023/zaggle-prepaid-ocean-services,10.0,20.0,25.0,15.24,20.0,12.2
2024,Aadhar Housing FinanceIPO,315.0,344.99,329.45,9.52,4.59,-4.93,10.0,69.63,197.55,54.63,7.58,69.63,1.67,7.35,69.63,230.0,85.71,85.71,87.3,3000.0,1000.0,2000.0,33.0,28.0,1.18,19.69,0.02,,9.5,aadhar-housing-finance,https://ipogyani.com/listed-ipo/2024/aadhar-housing-finance,230.0,250.0,250.0,79.37,250.0,79.37
2024,ACME Solar HoldingsIPO,289.0,251.0,253.15,-13.15,-12.4,0.74,10.0,2.75,3.54,0.97,3.1,2.75,0.39,0.7,2.75,25.0,1.73,3.46,3.46,2900.0,2395.0,505.0,25.06,170.25,0.15,82.56,2.66,,-13.1,acme-solar-holdings,https://ipogyani.com/listed-ipo/2024/acme-solar-holdings,25.0,20.0,15.0,3.46,10.0,5.19
2024,Afcons InfrastructureIPO,463.0,426.0,474.2,-7.99,2.42,10.41,10.0,2.63,3.79,5.05,0.94,2.63,0.1,0.36,2.63,50.0,0.0,1.08,7.99,5430.0,1250.0,4180.0,37.86,47.91,0.79,11.6,0.68,,-8.0,afcons-infrastructure,https://ipogyani.com/listed-ipo/2024/afcons-infrastructure,60.0,60.0,20.0,5.4,37.0,4.32
2024,Akme FintradeIPO,120.0,127.0,133.35,5.83,11.13,5.29,35.0,55.12,28.12,130.33,45.78,55.12,3.01,11.63,55.12,29.0,20.83,27.5,38.33,132.0,132.0,0.0,31.37,18.34,1.71,69.45,4.42,,5.8,akme-fintrade,https://ipogyani.com/listed-ipo/2024/akme-fintrade,32.0,34.0,42.0,38.33,46.0,35.0
2024,Akums Drugs and PharmaceuticalsIPO,679.0,725.0,796.25,6.77,17.27,10.49,10.0,63.39,90.09,42.08,20.58,63.39,1.37,4.43,63.39,175.0,14.73,19.15,22.09,1856.74,680.0,1176.74,38.5,32.0,1.2,3.73,0.69,,6.8,akums-drugs-and-pharmaceuticals,https://ipogyani.com/listed-ipo/2024/akums-drugs-and-pharmaceuticals,180.0,193.0,193.0,26.51,180.0,28.42
2024,Allied Blenders and DistillersIPO,281.0,320.0,317.9,13.88,13.13,-0.75,10.0,23.49,50.37,32.35,4.42,23.49,0.51,1.52,23.49,57.0,16.01,21.35,23.13,1500.0,1000.0,500.0,42.5,38.0,1.12,6.23,1.85,,13.9,allied-blenders-and-distillers,https://ipogyani.com/listed-ipo/2024/allied-blenders-and-distillers,75.0,80.0,85.0,28.47,80.0,30.25
2024,Apeejay Surrendra Park HotelsIPO,148.0,190.19,203.55,28.51,37.53,9.03,10.0,59.66,75.14,52.41,30.35,59.66,2.61,5.82,59.66,55.0,27.03,27.03,27.03,920.0,600.0,320.0,56.36,54.06,1.04,33.77,0.99,,28.5,apeejay-surrendra-park-hotels,https://ipogyani.com/listed-ipo/2024/apeejay-surrendra-park-hotels,55.0,65.0,40.0,23.65,35.0,27.03
2024,Arkade DevelopersIPO,128.0,175.0,165.86,36.72,29.58,-7.14,35.0,106.83,163.16,163.02,51.39,106.83,5.8,29.36,106.83,60.0,50.78,54.69,58.59,410.0,410.0,0.0,19.34,76.44,0.25,26.68,0.21,,36.7,arkade-developers,https://ipogyani.com/listed-ipo/2024/arkade-developers,60.0,60.0,50.0,62.5,50.0,62.5
2024,Awfis Space SolutionsIPO,383.0,435.0,421.75,13.58,10.12,-3.46,10.0,108.15,116.95,129.26,53.14,108.15,2.03,11.41,108.15,75.0,31.33,31.33,28.72,598.93,128.0,470.93,34.41,60.0,0.57,31.12,0.06,,13.6,awfis-space-solutions,https://ipogyani.com/listed-ipo/2024/awfis-space-solutions,125.0,140.0,120.0,26.11,110.0,26.11
2024,Baazar Style RetailIPO,389.0,389.0,400.0,0.0,2.83,2.83,10.0,40.62,81.83,59.4,9.04,40.62,0.72,4.64,40.62,135.0,15.94,14.14,17.99,834.67,148.0,686.67,156.85,156.85,1.0,14.61,0.76,,0.0,baazar-style-retail,https://ipogyani.com/listed-ipo/2024/baazar-style-retail,130.0,130.0,125.0,25.71,70.0,32.13
2024,Bajaj Housing FinanceIPO,70.0,165.0,165.0,135.71,135.71,21.43,10.0,67.43,209.36,41.41,6.9,67.43,2.02,7.51,67.43,50.0,100.0,100.0,100.0,6560.0,3000.0,3560.0,33.67,18.0,1.87,90.5,5.7,,135.7,bajaj-housing-finance,https://ipogyani.com/listed-ipo/2024/bajaj-housing-finance,50.0,55.0,60.0,90.0,63.0,85.71
2024,Bansal Wire IndustriesIPO,256.0,356.0,350.35,39.06,36.86,-2.21,35.0,59.57,146.05,51.46,13.63,59.57,1.76,5.73,59.57,70.0,28.13,27.34,25.39,745.0,745.0,0.0,50.88,32.71,1.56,6.04,1.48,,39.1,bansal-wire-industries,https://ipogyani.com/listed-ipo/2024/bansal-wire-industries,70.0,65.0,62.0,23.44,60.0,24.22
2024,Bharat Highways InvITIPO,100.0,101.1,103.05,1.1,3.05,1.95,35.0,6.74,8.92,6.93,0.0,6.74,10.02,27.78,6.74,95.0,2.0,2.0,1.0,2500.0,2500.0,0.0,42.01,117.03,0.36,7.41,0.41,,1.1,bharat-highways-invit,https://ipogyani.com/listed-ipo/2024/bharat-highways-invit,120.0,150.0,180.0,1.0,170.0,0.0
2024,Bharti HexacomIPO,570.0,755.0,813.3,32.46,42.68,10.23,10.0,29.88,48.57,10.52,2.83,29.88,0.34,1.45,29.88,37.0,16.32,16.14,14.91,4275.0,4275.0,0.0,32.0,25.0,1.28,43.9,1.48,,32.5,bharti-hexacom,https://ipogyani.com/listed-ipo/2024/bharti-hexacom,40.0,43.0,50.0,13.16,55.0,11.4
2024,BLS E-ServicesIPO,135.0,305.0,366.0,125.93,171.11,45.19,35.0,162.4,123.3,300.05,236.62,162.4,15.67,42.78,162.4,120.0,129.63,129.63,125.93,310.9,310.9,0.0,44.7,44.7,1.0,14.73,0.05,,125.9,bls-e-services,https://ipogyani.com/listed-ipo/2024/bls-e-services,140.0,150.0,155.0,125.93,170.0,114.81
2024,Brainbees Solutions (FirstCry)IPO,465.0,651.0,679.1,40.0,46.04,6.04,10.0,12.21,19.3,4.67,2.3,12.21,0.11,0.3,12.21,98.0,13.33,10.75,8.17,4193.73,1666.0,2527.73,34.41,38.0,0.91,1.09,-0.07,,40.0,brainbees-solutions-firstcry,https://ipogyani.com/listed-ipo/2024/brainbees-solutions-firstcry,87.0,60.0,50.0,6.88,32.0,10.75
2024,Capital Small Finance BankIPO,468.0,430.25,435.0,-8.07,-7.05,1.01,35.0,4.0,6.64,4.05,2.49,4.0,0.5,1.19,4.0,50.0,1.5,2.14,4.27,523.07,450.0,73.07,17.2,26.17,0.66,19.96,0.57,,-8.1,capital-small-finance-bank,https://ipogyani.com/listed-ipo/2024/capital-small-finance-bank,50.0,45.0,40.0,7.48,35.0,8.55
2024,Carraro IndiaIPO,704.0,651.0,636.2,-7.53,-9.63,-2.1,35.0,1.12,2.21,0.6,0.71,1.12,0.09,0.22,1.12,0.0,-4.26,-4.97,-5.68,1250.0,1250.0,0.0,40.23,64.79,0.62,8.3,0.3,,-7.5,carraro-india,https://ipogyani.com/listed-ipo/2024/carraro-india,0.0,0.0,0.0,-6.39,0.0,-7.1
2024,Ceigall IndiaIPO,401.0,419.0,386.75,4.49,-3.55,-8.04,10.0,13.74,31.5,14.39,3.7,13.74,0.61,1.23,13.74,82.0,5.24,6.23,13.72,1252.66,684.25,568.41,22.95,18.34,1.25,17.09,1.17,,4.5,ceigall-india,https://ipogyani.com/listed-ipo/2024/ceigall-india,85.0,85.0,80.0,17.46,55.0,19.95
2024,Concord Enviro SystemsIPO,701.0,827.11,764.65,17.99,9.08,-8.91,35.0,10.67,17.32,14.2,5.55,10.67,0.84,1.25,10.67,30.0,9.99,5.99,5.42,500.33,175.0,325.33,203.82,95.33,2.14,20.48,0.75,,18.0,concord-enviro-systems,https://ipogyani.com/listed-ipo/2024/concord-enviro-systems,35.0,33.0,38.0,3.85,27.0,5.42
2024,DAM Capital AdvisorsIPO,283.0,415.1,415.1,46.68,46.68,0.0,35.0,27.28,80.75,14.24,2.31,27.28,0.51,1.54,27.28,20.0,6.36,6.36,6.36,840.25,840.25,0.0,77.23,130.91,0.59,14.01,0.0,,46.7,dam-capital-advisors,https://ipogyani.com/listed-ipo/2024/dam-capital-advisors,25.0,18.0,21.0,6.36,18.0,7.42
2024,DEE Development EngineersIPO,325.0,377.75,335.32,16.23,3.18,-13.06,35.0,99.56,201.91,144.0,23.42,99.56,2.51,9.0,99.56,50.0,27.69,27.69,27.69,418.01,325.0,93.01,30.5,20.0,1.52,11.62,0.45,,16.2,dee-development-engineers,https://ipogyani.com/listed-ipo/2024/dee-development-engineers,50.0,80.0,90.0,28.62,93.0,27.69
2024,Deepak Builders & Engineers India Ltd.,203.0,161.95,161.95,-20.22,-20.22,0.0,35.0,41.54,13.91,82.47,39.79,41.54,4.18,12.11,41.54,1400.0,19.7,22.17,24.63,260.04,217.21,42.83,33.5,25.0,1.34,85.0,1.2,,-20.2,deepak-builders,https://ipogyani.com/listed-ipo/2024/deepak-builders,1400.0,1450.0,1450.0,24.63,1350.0,22.17
2024,Diffusion EngineersIPO,168.0,193.5,203.17,15.18,20.93,5.76,35.0,114.34,95.74,207.56,85.32,114.34,7.16,27.19,114.34,50.0,35.71,36.9,35.71,158.0,158.0,0.0,20.4,32.45,0.63,17.04,0.18,,15.2,diffusion-engineers,https://ipogyani.com/listed-ipo/2024/diffusion-engineers,70.0,75.0,70.0,37.5,63.0,35.71
2024,ECOS (India) Mobility & Hospitality Ltd.,334.0,390.0,443.15,16.77,32.68,15.91,35.0,64.26,136.85,71.23,19.79,64.26,3.36,9.56,64.26,118.0,44.91,44.91,44.91,601.2,601.2,0.0,32.05,22.27,1.44,16.23,0.12,,16.8,ecos-india-mobility,https://ipogyani.com/listed-ipo/2024/ecos-india-mobility,140.0,160.0,160.0,47.9,150.0,47.9
2024,Emcure PharmaceuticalsIPO,1008.0,1325.05,1359.15,31.45,34.84,3.38,10.0,67.84,195.83,48.28,7.17,67.84,1.32,4.98,67.84,260.0,35.71,36.21,35.22,1952.03,1152.03,800.0,38.26,40.41,0.95,19.01,0.67,,31.5,emcure-pharmaceuticals,https://ipogyani.com/listed-ipo/2024/emcure-pharmaceuticals,275.0,282.0,310.0,31.75,320.0,30.75
2024,Entero Healthcare Solutions Ltd.,1258.0,1250.96,1149.5,-0.56,-8.62,-8.11,10.0,1.53,2.28,0.22,1.33,1.53,0.11,0.23,1.53,10.0,0.4,0.4,0.4,1600.0,1000.0,600.0,42.0,68.52,0.61,44.94,0.86,,-0.6,entero-healthcare,https://ipogyani.com/listed-ipo/2024/entero-healthcare,10.0,8.0,5.0,0.64,5.0,0.79
2024,Enviro Infra EngineersIPO,148.0,220.0,207.07,48.65,39.91,-8.74,35.0,89.9,157.05,153.8,24.48,89.9,2.08,12.52,89.9,15.0,37.16,33.78,33.78,650.3,572.35,77.95,24.68,33.45,0.74,23.23,0.8,,48.6,enviro-infra-engineers,https://ipogyani.com/listed-ipo/2024/enviro-infra-engineers,27.0,30.0,33.0,33.78,50.0,22.3
2024,EPACK DurableIPO,230.0,221.0,207.6,-3.91,-9.74,-5.83,35.0,16.79,25.5,28.1,6.5,16.79,0.77,3.68,16.79,10.0,4.35,8.7,10.87,640.05,240.05,400.0,49.57,53.59,0.92,6.66,1.58,,-3.9,epack-durable,https://ipogyani.com/listed-ipo/2024/epack-durable,10.0,27.0,30.0,11.74,25.0,10.87
2024,Exicom Tele-SystemsIPO,142.0,202.61,224.95,42.68,58.42,15.73,35.0,129.54,121.8,153.22,119.59,129.54,2.47,7.01,129.54,15.0,21.13,21.13,17.61,429.0,329.0,100.0,52.0,35.0,1.49,8.01,1.64,,42.7,exicom-tele-systems,https://ipogyani.com/listed-ipo/2024/exicom-tele-systems,17.0,17.0,25.0,17.61,25.0,17.61
2024,Gala Precision EngineeringIPO,529.0,721.1,757.15,36.31,43.13,6.81,35.0,201.41,232.54,414.62,91.95,201.41,10.84,52.21,201.41,225.0,47.26,51.04,47.26,167.93,135.34,32.59,27.2,38.34,0.71,19.86,0.51,,36.3,gala-precision-engineering,https://ipogyani.com/listed-ipo/2024/gala-precision-engineering,225.0,240.0,250.0,43.48,230.0,47.26
2024,Garuda Construction & Engineering Ltd.,95.0,105.0,106.36,10.53,11.96,1.43,35.0,7.55,1.24,9.03,10.81,7.55,1.91,4.1,7.55,22.0,5.26,7.37,10.53,264.1,173.85,90.25,24.25,27.58,0.88,32.49,0.35,,10.5,garuda-construction,https://ipogyani.com/listed-ipo/2024/garuda-construction,22.0,10.0,7.0,10.53,5.0,8.42
2024,Go Digit General InsuranceIPO,272.0,286.0,306.0,5.15,12.5,7.35,10.0,9.6,12.56,7.23,4.26,9.6,0.36,0.79,9.6,55.0,9.19,9.19,5.51,2614.65,1125.0,1489.65,145.02,46.8,3.1,0.7,0.57,,5.1,go-digit-general-insurance,https://ipogyani.com/listed-ipo/2024/go-digit-general-insurance,43.0,43.0,20.0,3.68,10.0,3.68
2024,Godavari BiorefineriesIPO,352.0,308.0,343.2,-12.5,-2.5,10.0,35.0,1.83,2.76,0.9,1.7,1.83,0.27,0.54,1.83,0.0,0.0,0.0,0.0,554.75,325.0,229.75,146.67,35.54,4.13,8.77,2.55,,-12.5,godavari-biorefineries,https://ipogyani.com/listed-ipo/2024/godavari-biorefineries,0.0,0.0,0.0,0.0,0.0,0.0
2024,Gopal SnacksIPO,401.0,351.0,362.7,-12.47,-9.55,2.92,10.0,9.02,17.5,9.5,4.01,9.02,0.6,1.4,9.02,135.0,3.74,5.24,5.74,650.0,0.0,650.0,44.46,100.73,0.44,14.07,0.37,,-12.5,gopal-snacks,https://ipogyani.com/listed-ipo/2024/gopal-snacks,120.0,80.0,50.0,6.23,21.0,5.74
2024,GPT HealthcareIPO,186.0,215.0,200.7,15.59,7.9,-7.69,10.0,8.52,17.3,11.02,2.44,8.52,0.37,0.85,8.52,120.0,8.06,8.06,8.06,525.14,40.0,485.14,10.17,36.2,0.28,4.21,1.63,,15.6,gpt-healthcare,https://ipogyani.com/listed-ipo/2024/gpt-healthcare,125.0,120.0,120.0,5.38,110.0,8.06
2024,Hyundai Motor IndiaIPO,1960.0,1819.66,1819.66,-7.16,-7.16,0.0,10.0,2.37,6.97,0.6,0.5,2.37,0.18,0.42,2.37,75.0,20.41,15.31,7.65,27858.75,0.0,27858.75,26.28,30.0,0.88,7200.0,0.0,,-7.2,hyundai-motor-india,https://ipogyani.com/listed-ipo/2024/hyundai-motor-india,75.0,60.0,65.0,2.55,25.0,0.0
2024,IndegeneIPO,452.0,622.0,570.0,37.61,26.11,-11.5,10.0,86.4,125.51,50.36,24.5,86.4,1.15,4.15,86.4,460.0,59.73,112.83,112.83,1841.76,1150.81,690.95,48.56,113.31,0.43,17.08,0.12,,37.6,indegene,https://ipogyani.com/listed-ipo/2024/indegene,500.0,485.0,520.0,111.73,505.0,115.04
2024,International Gemmological Institute (IGI)IPO,417.0,471.17,471.17,12.99,12.99,0.0,10.0,80.78,201.06,76.4,22.04,80.78,2.07,5.31,80.78,125.0,45.56,44.36,44.36,4050.0,1300.0,2750.0,24.87,55.05,0.45,11.71,0.56,,13.0,international-gemmological-institute-igi,https://ipogyani.com/listed-ipo/2024/international-gemmological-institute-igi,125.0,140.0,165.0,41.97,175.0,44.6
2024,Inventurus Knowledge SolutionsIPO,1329.0,1960.81,1960.81,47.54,47.54,0.0,10.0,35.05,75.62,42.17,8.82,35.05,0.45,1.43,35.05,33.0,6.77,4.89,4.29,2497.92,0.0,2497.92,20.24,29.28,0.69,7.66,0.3,,47.5,inventurus-knowledge-solutions,https://ipogyani.com/listed-ipo/2024/inventurus-knowledge-solutions,33.0,33.0,35.0,2.48,33.0,2.78
2024,Jana Small Finance BankIPO,414.0,396.0,368.15,-4.35,-11.07,-6.73,35.0,19.89,39.81,26.13,5.7,19.89,0.88,1.83,19.89,110.0,7.25,8.45,9.66,570.0,462.0,108.0,9.71,18.35,0.53,8.77,0.28,,-4.3,jana-small-finance-bank,https://ipogyani.com/listed-ipo/2024/jana-small-finance-bank,95.0,75.0,60.0,14.49,60.0,14.49
2024,JG ChemicalsIPO,221.0,250.0,262.6,13.12,18.82,5.7,35.0,25.78,20.58,34.24,33.3,25.78,2.19,6.38,25.78,50.0,11.31,22.62,33.94,423.56,173.0,250.56,40.97,55.09,0.74,20.97,0.76,,13.1,jg-chemicals,https://ipogyani.com/listed-ipo/2024/jg-chemicals,50.0,50.0,75.0,22.62,50.0,29.41
2024,JNK IndiaIPO,415.0,621.0,694.55,49.64,67.36,17.72,35.0,28.04,75.72,23.18,3.96,28.04,0.49,1.03,28.04,20.0,25.3,22.89,15.66,649.47,300.0,349.47,43.64,112.9,0.39,18.05,0.36,,49.6,jnk-india,https://ipogyani.com/listed-ipo/2024/jnk-india,20.0,20.0,25.0,6.02,25.0,6.02
2024,Juniper HotelsIPO,360.0,365.0,401.5,1.39,11.53,10.0,10.0,2.07,2.96,0.86,1.1,2.07,0.37,0.85,2.07,15.0,4.17,4.17,2.78,1800.0,1800.0,0.0,38.11,49.81,0.77,21.83,0.39,,1.4,juniper-hotels,https://ipogyani.com/listed-ipo/2024/juniper-hotels,15.0,15.0,15.0,4.17,10.0,4.17
2024,Jyoti CNC AutomationIPO,331.0,370.0,434.2,11.78,31.18,19.4,10.0,38.53,44.13,36.48,26.17,38.53,3.69,5.08,38.53,67.0,13.6,15.71,14.5,1000.0,0.0,1000.0,324.51,45.88,7.07,10.48,10.17,,11.8,jyoti-cnc-automation,https://ipogyani.com/listed-ipo/2024/jyoti-cnc-automation,77.0,93.0,83.0,15.11,50.0,25.08
2024,KRN Heat Exchanger & Refrigeration Ltd.,220.0,478.79,478.79,117.63,117.63,0.0,35.0,215.88,148.55,506.16,129.95,215.88,23.79,73.21,215.88,40.0,22.73,27.27,27.27,341.95,341.95,0.0,19.21,13.45,1.43,65.38,3.75,,117.6,krn-heat-exchanger,https://ipogyani.com/listed-ipo/2024/krn-heat-exchanger,40.0,50.0,60.0,27.27,60.0,27.27
2024,Kronox Lab SciencesIPO,136.0,164.95,159.32,21.29,17.15,-4.14,35.0,117.25,89.03,301.92,54.23,117.25,11.1,24.59,117.25,70.0,27.94,29.41,29.41,130.15,0.0,130.15,24.46,70.88,0.35,23.01,0.0,,21.3,kronox-lab-sciences,https://ipogyani.com/listed-ipo/2024/kronox-lab-sciences,80.0,80.0,80.0,29.41,40.0,58.82
2024,KrossIPO,240.0,240.0,259.81,0.0,8.25,8.25,35.0,16.5,23.32,22.12,10.19,16.5,0.88,2.56,16.5,50.0,12.5,16.67,20.83,500.0,250.0,250.0,34.48,24.85,1.39,13.02,0.8,,0.0,kross,https://ipogyani.com/listed-ipo/2024/kross,50.0,50.0,50.0,20.83,50.0,20.83
2024,Krystal Integrated ServicesIPO,715.0,785.0,712.85,9.79,-0.3,-10.09,35.0,13.21,7.33,43.91,3.32,13.21,0.27,0.45,13.21,30.0,0.7,3.5,3.92,300.12,175.0,125.13,28.86,36.41,0.79,4.8,1.47,,9.8,krystal-integrated-services,https://ipogyani.com/listed-ipo/2024/krystal-integrated-services,28.0,25.0,5.0,4.2,0.0,4.2
2024,Le Travenues Technology (ixigo)IPO,93.0,138.1,165.72,48.49,78.19,29.7,10.0,98.1,106.73,110.25,53.95,98.1,1.95,9.33,98.1,28.0,32.26,34.41,35.48,740.1,120.0,620.1,53.54,106.01,0.51,8.99,7.81,,48.5,le-travenues-technology-ixigo,https://ipogyani.com/listed-ipo/2024/le-travenues-technology-ixigo,28.0,25.0,25.0,37.63,25.0,27.96
2024,Mamata MachineryIPO,243.0,600.0,630.0,146.91,159.26,12.35,35.0,194.95,235.88,274.38,138.08,194.95,0.59,1.24,194.95,75.0,37.04,27.57,22.63,179.39,0.0,179.39,35.01,39.07,0.9,16.33,0.47,,146.9,mamata-machinery,https://ipogyani.com/listed-ipo/2024/mamata-machinery,75.0,75.0,75.0,22.63,55.0,28.81
2024,Manba FinanceIPO,120.0,145.0,152.25,20.83,26.88,6.04,35.0,224.1,148.55,428.81,94.24,224.1,24.09,58.17,224.1,235.0,216.67,212.5,216.67,150.84,150.84,0.0,35.0,18.0,1.94,18.96,0.45,,20.8,manba-finance,https://ipogyani.com/listed-ipo/2024/manba-finance,245.0,240.0,250.0,216.67,260.0,216.67
2024,Medi Assist Healthcare Services Ltd.,418.0,460.0,464.1,10.05,11.03,0.98,10.0,16.25,40.14,14.85,3.19,16.25,0.41,0.73,16.25,55.0,8.37,7.66,7.18,1171.58,0.0,1171.58,47.2,38.5,1.23,25.7,0.07,,10.0,medi-assist-healthcare,https://ipogyani.com/listed-ipo/2024/medi-assist-healthcare,55.0,40.0,35.0,7.18,40.0,9.57
2024,Mukka ProteinsIPO,28.0,42.25,42.25,50.89,50.89,0.0,35.0,136.99,189.28,250.38,58.52,136.99,8.06,22.22,136.99,42.0,321.43,339.29,321.43,224.0,224.0,0.0,18.15,21.56,0.84,23.27,0.28,,50.9,mukka-proteins,https://ipogyani.com/listed-ipo/2024/mukka-proteins,80.0,93.0,95.0,339.29,95.0,339.29
2024,Niva Bupa Health InsuranceIPO,74.0,78.14,74.02,5.59,0.03,-5.57,10.0,1.8,2.06,0.67,2.72,1.8,0.65,1.17,1.8,0.0,4.05,2.7,2.7,3000.0,800.0,2200.0,165.18,38.6,4.28,17.08,0.12,,5.6,niva-bupa-health-insurance,https://ipogyani.com/listed-ipo/2024/niva-bupa-health-insurance,0.0,0.0,0.0,1.35,0.0,1.35
2024,Northern Arc CapitalIPO,263.0,350.0,323.4,33.08,22.97,-10.11,35.0,110.91,240.79,142.41,31.08,110.91,2.87,20.18,110.91,150.0,60.84,62.74,62.74,777.0,500.0,277.0,13.35,23.24,0.57,61.56,3.9,,33.1,northern-arc-capital,https://ipogyani.com/listed-ipo/2024/northern-arc-capital,150.0,150.0,165.0,68.44,180.0,76.05
2024,Nova AgriTechIPO,41.0,55.0,57.75,34.15,40.85,5.0,35.0,109.37,79.31,224.08,77.12,109.37,8.5,30.0,109.37,20.0,51.28,51.28,56.41,143.81,112.0,31.81,23.4,25.0,0.94,17.5,0.35,,34.1,nova-agritech,https://ipogyani.com/listed-ipo/2024/nova-agritech,20.0,20.0,20.0,58.97,25.0,35.9
2024,NTPC Green EnergyIPO,108.0,111.5,121.65,3.24,12.64,9.4,10.0,2.42,3.32,0.81,3.44,2.42,0.33,0.94,2.42,3.0,2.78,1.85,0.93,10000.0,10000.0,0.0,259.55,153.44,1.69,92.81,2.05,,3.2,ntpc-green-energy,https://ipogyani.com/listed-ipo/2024/ntpc-green-energy,2.0,2.0,2.0,1.85,2.0,1.85
2024,Ola Electric MobilityIPO,76.0,76.0,91.2,0.0,20.0,20.0,10.0,4.26,5.31,2.39,3.86,4.26,0.35,1.06,4.26,15.0,6.58,11.84,14.47,6145.56,5500.0,645.56,34.41,38.0,0.91,-19.84,2.01,,0.0,ola-electric-mobility,https://ipogyani.com/listed-ipo/2024/ola-electric-mobility,16.0,15.0,11.0,19.74,5.0,19.74
2024,One Mobikwik SystemsIPO,279.0,528.01,528.0,89.25,89.25,-0.0,10.0,119.38,125.82,114.7,141.78,119.38,7.73,67.6,119.38,120.0,46.59,55.56,57.35,572.0,572.0,0.0,113.32,38.0,2.98,42.0,0.0,,89.3,one-mobikwik-systems,https://ipogyani.com/listed-ipo/2024/one-mobikwik-systems,127.0,100.0,90.0,55.56,109.0,57.35
2024,Orient TechnologiesIPO,206.0,288.0,302.4,39.81,46.8,6.99,35.0,151.71,189.9,300.6,66.87,151.71,6.65,16.96,151.71,45.0,38.83,38.83,33.98,214.76,120.0,94.76,20.67,29.89,0.69,9.39,0.03,,39.8,orient-technologies,https://ipogyani.com/listed-ipo/2024/orient-technologies,45.0,35.0,50.0,30.1,62.0,24.27
2024,P N Gadgil JewellersIPO,480.0,793.3,793.3,65.27,65.27,0.0,35.0,59.41,136.85,56.08,16.58,59.41,1.43,7.5,59.41,175.0,41.67,47.92,52.08,1100.0,850.0,250.0,42.2,38.0,1.11,330.0,0.57,,65.3,p-n-gadgil-jewellers,https://ipogyani.com/listed-ipo/2024/p-n-gadgil-jewellers,200.0,225.0,240.0,58.33,250.0,62.5
2024,Platinum IndustriesIPO,171.0,225.0,221.2,31.58,29.36,-2.22,35.0,98.99,151.0,141.83,50.99,98.99,8.06,22.22,98.99,0.0,14.62,24.56,46.78,235.32,235.32,0.0,31.5,38.5,0.82,17.08,0.15,,31.6,platinum-industries,https://ipogyani.com/listed-ipo/2024/platinum-industries,0.0,0.0,0.0,54.39,0.0,55.56
2024,Popular Vehicles & Services Ltd.,295.0,289.2,276.15,-1.97,-6.39,-4.42,35.0,13.21,7.33,43.9,3.31,13.21,0.36,0.7,13.21,85.0,13.56,20.34,16.95,300.12,175.0,125.12,21.45,24.3,0.88,7.7,0.31,,-2.0,popular-vehicles,https://ipogyani.com/listed-ipo/2024/popular-vehicles,70.0,40.0,40.0,13.56,50.0,13.56
2024,Premier EnergiesIPO,450.0,990.0,839.9,120.0,86.64,-33.36,10.0,74.38,216.67,50.04,7.69,74.38,2.1,6.61,74.38,265.0,91.11,91.11,88.89,2830.4,1539.0,1291.4,48.0,42.0,1.14,15.93,2.18,,120.0,premier-energies,https://ipogyani.com/listed-ipo/2024/premier-energies,310.0,320.0,375.0,84.44,380.0,83.33
2024,R K SWAMYIPO,288.0,263.0,262.6,-8.68,-8.82,-0.14,10.0,27.77,32.09,46.32,17.42,27.77,2.68,6.59,27.77,65.0,2.43,5.21,7.99,251.19,86.19,165.0,38.0,45.0,0.84,10.85,0.34,,-8.7,r-k-swamy,https://ipogyani.com/listed-ipo/2024/r-k-swamy,60.0,55.0,50.0,7.99,35.0,12.15
2024,Rashi PeripheralsIPO,311.0,339.5,321.5,9.16,3.38,-5.79,10.0,59.71,143.66,62.75,10.44,59.71,1.09,3.19,59.71,70.0,19.29,24.12,25.72,600.0,600.0,0.0,10.54,11.09,0.95,2.83,1.53,,9.2,rashi-peripherals,https://ipogyani.com/listed-ipo/2024/rashi-peripherals,75.0,80.0,82.0,24.12,75.0,26.37
2024,Sagility IndiaIPO,30.0,31.06,29.32,3.53,-2.27,-5.8,10.0,3.2,3.52,1.93,4.14,3.2,0.22,0.52,3.2,0.0,6.67,6.67,6.67,2106.6,2106.6,0.0,56.6,35.0,1.62,23.48,0.34,,3.5,sagility-india,https://ipogyani.com/listed-ipo/2024/sagility-india,0.0,0.0,0.0,3.33,0.0,3.33
2024,Sai Life SciencesIPO,549.0,764.65,764.65,39.28,39.28,0.0,10.0,10.27,29.78,4.99,1.39,10.27,0.5,3.2,10.27,400.0,7.65,6.38,4.01,3042.62,950.0,2092.62,126.42,50.0,2.53,400.0,0.85,,39.3,sai-life-sciences,https://ipogyani.com/listed-ipo/2024/sai-life-sciences,380.0,400.0,380.0,3.64,400.0,3.64
2024,Sanathan TextilesIPO,321.0,388.35,388.35,20.98,20.98,0.0,35.0,36.9,79.59,44.39,9.31,36.9,16.48,37.75,36.9,105.0,81.0,77.88,77.88,550.0,400.0,150.0,16.59,178.39,0.09,19.94,0.09,,21.0,sanathan-textiles,https://ipogyani.com/listed-ipo/2024/sanathan-textiles,110.0,175.0,188.0,77.88,250.0,66.98
2024,SanstarIPO,95.0,109.0,115.07,14.74,21.13,6.39,35.0,82.96,145.68,136.47,24.19,82.96,4.23,13.48,82.96,40.0,34.74,31.58,31.58,510.15,397.1,113.05,25.93,20.68,1.25,9.2,0.5,,14.7,sanstar,https://ipogyani.com/listed-ipo/2024/sanstar,40.0,40.0,35.0,36.84,30.0,36.84
2024,Saraswati Saree DepotIPO,160.0,194.0,203.7,21.25,27.31,6.06,35.0,107.38,64.12,358.45,61.56,107.38,4.37,16.34,107.38,30.0,31.25,40.63,43.75,160.01,104.0,56.02,21.46,46.57,0.46,6.73,0.67,,21.3,saraswati-saree-depot,https://ipogyani.com/listed-ipo/2024/saraswati-saree-depot,30.0,32.0,50.0,31.25,70.0,20.0
2024,Senores PharmaceuticalsIPO,391.0,600.0,557.05,53.45,42.47,-10.98,35.0,93.41,94.66,96.11,89.22,93.41,1.78,13.93,93.41,150.0,63.94,61.38,61.38,582.11,500.0,82.11,37.6,34.48,1.09,20.7,1.07,,53.5,senores-pharmaceuticals,https://ipogyani.com/listed-ipo/2024/senores-pharmaceuticals,150.0,150.0,175.0,56.78,222.0,56.78
2024,Shree Tirupati Balajee Agro Trading Co.Ltd.,83.0,94.5,94.5,13.86,13.86,0.0,35.0,124.74,149.21,330.34,73.22,124.74,6.36,17.58,124.74,10.0,24.1,31.33,33.73,169.65,122.43,47.23,28.5,22.0,1.3,75.0,0.45,,13.9,shree-tirupati-balajee,https://ipogyani.com/listed-ipo/2024/shree-tirupati-balajee,7.0,15.0,25.0,30.12,35.0,26.51
2024,SRM ContractorsIPO,210.0,215.25,226.0,30.95,7.62,-23.33,35.0,86.57,59.59,214.94,46.97,86.57,3.56,17.42,86.57,45.0,55.71,57.14,55.71,130.2,0.0,130.2,17.15,24.15,0.71,12.87,0.75,,31.0,srm-contractors,https://ipogyani.com/listed-ipo/2024/srm-contractors,55.0,55.0,75.0,52.38,100.0,47.62
2024,Stanley LifestylesIPO,369.0,494.95,474.75,34.13,28.66,-5.47,10.0,96.21,222.1,118.6,18.09,96.21,1.44,5.22,96.21,125.0,43.36,46.07,44.72,537.02,200.0,337.02,46.0,55.0,0.84,19.74,0.68,,34.1,stanley-lifestyles,https://ipogyani.com/listed-ipo/2024/stanley-lifestyles,140.0,161.0,160.0,46.07,165.0,43.36
2024,Suraksha DiagnosticIPO,441.0,438.0,417.25,-0.68,-5.39,-4.71,10.0,1.27,1.74,1.4,0.94,1.27,0.11,0.25,1.27,0.0,1.59,1.13,1.13,846.25,0.0,846.25,94.81,79.65,1.19,33.66,0.2,,-0.7,suraksha-diagnostic,https://ipogyani.com/listed-ipo/2024/suraksha-diagnostic,0.0,0.0,0.0,0.91,7.0,0.68
2024,SwiggyIPO,390.0,420.0,456.0,7.69,16.92,9.23,10.0,3.59,6.02,0.41,1.14,3.59,0.12,0.35,3.59,18.0,0.0,1.79,2.56,11327.43,6828.43,4499.0,34.41,38.0,0.91,-16.52,0.03,,7.7,swiggy,https://ipogyani.com/listed-ipo/2024/swiggy,15.0,10.0,7.0,3.85,0.0,4.62
2024,TBO TekIPO,920.0,1426.0,1406.3,54.59,33.05,-21.54,10.0,25.49,72.78,16.5,2.45,25.49,0.44,1.48,25.49,60.0,5.2,6.62,6.43,1550.81,400.0,1150.81,18.39,33.9,0.54,75.2,3.3,,54.6,tbo-tek,https://ipogyani.com/listed-ipo/2024/tbo-tek,70.0,70.0,70.0,6.15,65.0,6.62
2024,Tolins TyresIPO,226.0,228.0,239.4,0.88,5.93,5.04,35.0,23.45,25.42,27.3,20.66,23.45,1.8,5.22,23.45,25.0,13.27,13.27,17.7,230.0,200.0,30.0,34.33,34.17,1.0,20.41,0.78,,0.9,tolins-tyres,https://ipogyani.com/listed-ipo/2024/tolins-tyres,25.0,30.0,35.0,17.7,40.0,15.49
2024,Transrail LightingIPO,432.0,553.56,553.55,28.14,28.14,-0.0,35.0,81.87,166.33,98.47,26.77,81.87,2.75,6.98,81.87,100.0,38.19,39.35,39.35,840.25,840.25,0.0,23.9,23.63,1.01,56.6,0.25,,28.1,transrail-lighting,https://ipogyani.com/listed-ipo/2024/transrail-lighting,105.0,142.0,165.0,35.19,152.0,36.57
2024,Unicommerce eSolutionsIPO,108.0,235.0,210.08,117.59,94.52,-23.07,10.0,168.31,138.75,252.43,130.82,168.31,2.43,12.23,168.31,27.0,55.56,50.93,43.52,276.57,276.57,0.0,85.0,70.0,1.21,13.92,0.0,,117.6,unicommerce-esolutions,https://ipogyani.com/listed-ipo/2024/unicommerce-esolutions,27.0,28.0,25.0,32.41,35.0,23.15
2024,Ventive HospitalityIPO,643.0,716.0,704.35,11.35,9.54,-1.81,10.0,9.8,9.08,13.85,5.87,9.8,0.71,1.28,9.8,55.0,10.89,10.11,10.11,1600.0,1600.0,0.0,52.0,66.04,0.79,45.6,1.23,,11.4,ventive-hospitality,https://ipogyani.com/listed-ipo/2024/ventive-hospitality,55.0,55.0,50.0,10.11,45.0,7.0
2024,Vibhor Steel TubesIPO,151.0,425.0,446.0,181.46,195.36,13.91,35.0,298.81,178.73,721.32,188.17,298.81,27.63,101.42,298.81,120.0,9.93,16.56,46.36,72.17,72.17,0.0,28.0,22.0,1.27,1.94,0.88,,181.5,vibhor-steel-tubes,https://ipogyani.com/listed-ipo/2024/vibhor-steel-tubes,120.0,110.0,70.0,72.85,15.0,79.47
2024,Vishal Mega MartIPO,78.0,104.0,111.88,43.5,43.5,0.0,10.0,28.75,85.11,15.01,2.43,28.75,7.32,20.41,28.75,110.0,201.28,193.59,176.92,8000.0,0.0,8000.0,157.63,22.17,7.11,4.18,0.73,,43.5,vishal-mega-mart,https://ipogyani.com/listed-ipo/2024/vishal-mega-mart,120.0,120.0,135.0,182.05,142.0,173.08
2024,Vraj Iron and SteelIPO,207.0,240.0,252.0,15.94,21.74,5.8,35.0,119.02,163.9,208.8,54.89,119.02,3.47,16.93,119.02,37.0,33.82,36.23,36.23,171.0,171.0,0.0,11.49,9.97,1.15,15.77,0.17,,15.9,vraj-iron-and-steel,https://ipogyani.com/listed-ipo/2024/vraj-iron-and-steel,50.0,60.0,70.0,38.65,80.0,33.82
2024,Waaree EnergiesIPO,1503.0,2338.97,2338.97,55.62,55.62,0.0,10.0,79.44,215.03,65.25,11.27,79.44,3.41,9.17,79.44,45.0,98.47,93.15,86.49,4321.44,3600.0,721.44,30.87,42.0,0.73,2200.0,0.48,,55.6,waaree-energies,https://ipogyani.com/listed-ipo/2024/waaree-energies,45.0,55.0,60.0,79.84,55.0,79.84
2024,Western Carriers IndiaIPO,172.0,171.0,159.44,-0.58,-7.3,-6.72,35.0,30.57,27.99,44.71,25.95,30.57,0.79,13.89,30.57,50.0,11.63,17.44,17.44,492.88,400.0,92.88,21.83,40.1,0.54,9.01,0.67,,-0.6,western-carriers-india,https://ipogyani.com/listed-ipo/2024/western-carriers-india,50.0,50.0,50.0,23.26,40.0,36.05
2024,Zinka Logistics Solutions Ltd.,273.0,280.9,260.05,2.89,-4.74,-7.64,10.0,1.86,2.76,0.23,1.64,1.86,0.24,0.32,1.86,30.0,0.0,3.66,9.16,1114.72,550.0,564.72,34.41,38.0,0.91,-43.85,4.83,,2.9,zinka-logistics-blackbuck,https://ipogyani.com/listed-ipo/2024/zinka-logistics-blackbuck,25.0,10.0,0.0,10.99,0.0,10.26
2025,Aditya InfotechIPO,675.0,1015.0,1085.0,50.37,60.74,10.37,10.0,100.69,133.21,72.0,50.87,100.69,2.05,6.88,100.69,225.0,33.33,33.33,37.33,1300.0,500.0,800.0,22.52,,1.57,8.27,0.41,,50.4,aditya-infotech,https://ipogyani.com/listed-ipo/2025/aditya-infotech,225.0,252.0,280.0,41.48,283.0,41.93
2025,Advance AgrolifeIPO,100.0,114.0,108.3,14.0,8.3,-5.7,35.0,56.77,27.31,175.3,23.06,56.77,0.42,1.87,56.77,11.0,11.0,11.0,15.0,192.86,192.86,0.0,25.06,25.8,1.27,9.61,0.8,,14.0,advance-agrolife,https://ipogyani.com/listed-ipo/2025/advance-agrolife,11.0,15.0,10.0,10.0,15.0,15.0
2025,Aegis Vopak TerminalsIPO,235.0,220.0,242.0,-6.38,2.98,9.36,10.0,2.09,3.3,0.56,0.77,2.09,0.26,0.33,2.09,15.0,6.38,6.38,6.38,2800.0,2800.0,0.0,233.46,43.25,1.27,71.19,2.59,,-6.4,aegis-vopak-terminals,https://ipogyani.com/listed-ipo/2025/aegis-vopak-terminals,15.0,15.0,13.0,5.53,8.0,3.4
2025,AequsIPO,124.0,140.0,151.29,12.9,22.01,9.1,10.0,101.63,120.92,80.62,78.05,101.63,3.42,11.1,101.63,44.0,35.48,35.48,38.71,921.81,670.0,251.81,,85.61,1.36,11.68,0.99,,12.9,aequs,https://ipogyani.com/listed-ipo/2025/aequs,44.0,48.0,45.0,36.29,43.0,34.68
2025,Ajax EngineeringIPO,629.0,576.0,595.4,-8.43,-5.34,3.08,35.0,6.43,14.41,6.46,1.9,6.43,0.28,0.49,6.43,45.0,7.15,7.15,7.95,1269.35,0.0,1269.35,35.78,51.73,1.23,15.82,0.01,,-8.4,ajax-engineering,https://ipogyani.com/listed-ipo/2025/ajax-engineering,45.0,50.0,20.0,3.18,12.0,1.91
2025,All Time PlasticsIPO,275.0,311.0,283.3,13.09,3.02,-10.07,35.0,8.34,10.15,13.47,5.14,8.34,0.35,1.02,8.34,28.0,10.18,10.18,10.18,400.6,280.0,120.6,38.09,60.7,1.22,18.16,0.84,,13.1,all-time-plastics,https://ipogyani.com/listed-ipo/2025/all-time-plastics,28.0,28.0,26.0,9.45,23.0,8.36
2025,Amanta HealthcareIPO,126.0,135.0,141.75,7.14,12.5,5.36,35.0,82.6,35.86,209.4,54.96,82.6,4.61,24.9,82.6,25.0,19.84,19.84,19.84,126.0,126.0,0.0,46.67,15.92,1.27,22.11,2.02,,7.1,amanta-healthcare,https://ipogyani.com/listed-ipo/2025/amanta-healthcare,25.0,25.0,27.0,21.43,13.0,10.32
2025,Anand Rathi Share & Stock Brokers Ltd.,414.0,432.0,445.55,4.35,7.62,3.27,35.0,20.66,43.8,28.6,4.78,20.66,0.41,1.11,20.66,50.0,12.08,12.08,12.08,745.0,745.0,0.0,25.06,17.2,1.36,36.81,1.71,,4.3,anand-rathi-share-brokers,https://ipogyani.com/listed-ipo/2025/anand-rathi-share-brokers,50.0,50.0,50.0,12.08,50.0,12.08
2025,Anlon HealthcareIPO,91.0,92.0,91.73,1.1,0.8,-0.3,10.0,7.12,1.07,10.61,47.29,7.12,1.69,3.3,7.12,7.0,7.69,7.69,7.69,121.03,121.03,0.0,23.57,42.33,1.27,26.88,0.73,,1.1,anlon-healthcare,https://ipogyani.com/listed-ipo/2025/anlon-healthcare,7.0,7.0,5.0,5.49,5.0,5.49
2025,Anthem BiosciencesIPO,570.0,723.0,730.35,26.84,28.13,1.29,35.0,63.86,182.65,42.35,5.64,63.86,0.73,3.29,63.86,95.0,16.67,16.67,17.54,3395.0,0.0,3395.0,70.63,71.86,1.38,36.81,0.05,,26.8,anthem-biosciences,https://ipogyani.com/listed-ipo/2025/anthem-biosciences,95.0,100.0,115.0,20.18,150.0,26.32
2025,ArisInfra SolutionsIPO,222.0,205.0,174.38,-7.66,-21.45,-13.79,10.0,2.65,1.42,3.14,5.58,2.65,0.24,1.59,2.65,27.0,12.16,12.16,12.16,499.6,499.6,0.0,206.63,,1.17,1.87,1.45,,-7.7,arisinfra-solutions,https://ipogyani.com/listed-ipo/2025/arisinfra-solutions,27.0,27.0,27.0,12.16,24.0,10.81
2025,Ather EnergyIPO,321.0,328.0,302.3,2.18,-5.83,-8.01,10.0,1.43,1.7,0.66,1.77,1.43,0.16,0.28,1.43,5.0,1.56,1.56,1.56,2980.76,2626.0,354.76,,39.0,,-408.3,0.88,,2.2,ather-energy,https://ipogyani.com/listed-ipo/2025/ather-energy,5.0,5.0,3.0,0.93,3.0,0.93
2025,Atlanta ElectricalsIPO,754.0,857.0,823.35,13.66,9.2,-4.46,35.0,70.59,194.92,54.2,10.42,70.59,0.97,3.06,70.59,146.0,19.36,19.36,18.57,687.34,400.0,287.34,48.86,46.06,1.23,16.07,0.4,,13.7,atlanta-electricals,https://ipogyani.com/listed-ipo/2025/atlanta-electricals,146.0,140.0,102.0,13.53,135.0,17.9
2025,Belrise IndustriesIPO,90.0,90.0,97.41,0.0,8.23,8.23,35.0,41.3,108.35,38.33,4.26,41.3,0.67,2.89,41.3,10.0,11.11,8.89,12.22,2150.0,2150.0,0.0,24.47,67.17,1.22,12.54,0.97,,0.0,belrise-industries,https://ipogyani.com/listed-ipo/2025/belrise-industries,8.0,11.0,15.0,16.67,22.0,24.44
2025,BlueStone Jewellery & Lifestyle Ltd.,517.0,510.0,546.0,-1.35,5.61,6.96,10.0,2.7,4.28,0.55,1.35,2.7,0.39,0.65,2.7,20.0,3.87,2.32,2.32,1540.65,820.0,720.65,,67.8,,4.13,0.8,,-1.4,bluestone-jewellery,https://ipogyani.com/listed-ipo/2025/bluestone-jewellery,12.0,12.0,12.0,2.32,10.0,1.93
2025,BMW VenturesIPO,99.0,78.0,74.1,-21.21,-25.15,-3.94,75.0,1.5,3.09,3.03,0.99,1.5,0.11,0.22,1.5,8.0,8.08,8.08,8.08,231.66,231.66,0.0,26.12,43.46,1.22,4.24,2.04,,-21.2,bmw-ventures,https://ipogyani.com/listed-ipo/2025/bmw-ventures,8.0,8.0,8.0,8.08,8.0,8.08
2025,Borana WeavesIPO,216.0,243.0,255.15,12.5,18.13,5.63,10.0,148.75,87.21,237.39,200.39,148.75,8.53,29.46,148.75,65.0,30.09,28.7,25.93,144.89,144.89,0.0,14.7,33.0,1.29,20.68,1.45,,12.5,borana-weaves,https://ipogyani.com/listed-ipo/2025/borana-weaves,62.0,56.0,58.0,26.85,58.0,26.85
2025,Brigade Hotel VenturesIPO,90.0,81.0,85.32,-10.0,-5.2,4.8,10.0,4.48,5.42,1.92,6.4,4.48,0.69,1.31,4.48,13.0,14.44,17.78,13.33,759.6,759.6,0.0,146.59,44.13,1.22,35.45,7.4,,-10.0,brigade-hotel-ventures,https://ipogyani.com/listed-ipo/2025/brigade-hotel-ventures,16.0,12.0,8.0,8.89,7.0,7.78
2025,Canara HSBC Life InsuranceIPO,106.0,106.0,111.42,0.0,5.11,5.11,35.0,2.29,7.05,0.33,0.42,2.29,0.09,0.27,2.29,0.0,0.0,0.0,0.0,2517.5,0.0,2517.5,86.18,82.22,1.19,1.87,,,0.0,canara-hsbc-life-insurance,https://ipogyani.com/listed-ipo/2025/canara-hsbc-life-insurance,0.0,0.0,0.0,0.0,0.0,0.0
2025,Canara Robeco Asset Management Co.Ltd.,266.0,280.0,300.45,5.26,12.95,7.69,35.0,9.74,25.92,6.45,1.91,9.74,0.23,0.48,9.74,15.0,5.64,5.64,5.64,1326.13,0.0,1326.13,27.82,34.0,1.27,65.41,,,5.3,canara-robeco-amc,https://ipogyani.com/listed-ipo/2025/canara-robeco-amc,15.0,15.0,15.0,5.64,15.0,5.64
2025,Capillary TechnologiesIPO,577.0,572.0,606.5,-0.87,5.11,5.98,10.0,52.95,57.27,69.84,15.82,52.95,0.28,0.52,52.95,50.0,8.67,8.67,8.67,877.5,345.0,532.5,,34.34,,13.13,0.18,,-0.9,capillary-technologies,https://ipogyani.com/listed-ipo/2025/capillary-technologies,50.0,50.0,50.0,8.67,28.0,4.85
2025,Corona RemediesIPO,1062.0,1470.0,1438.4,38.42,35.44,-2.98,35.0,137.04,278.52,208.88,28.73,137.04,0.62,9.33,137.04,362.0,34.09,34.09,26.37,655.37,0.0,655.37,43.47,36.28,1.4,20.55,0.1,,38.4,corona-remedies,https://ipogyani.com/listed-ipo/2025/corona-remedies,362.0,280.0,260.0,24.48,260.0,24.48
2025,CrizacIPO,245.0,281.0,307.63,14.69,25.56,10.87,35.0,59.82,134.35,76.15,10.24,59.82,0.62,2.75,59.82,40.0,16.33,16.33,16.33,860.0,0.0,860.0,28.03,17.52,1.37,25.05,0.0,,14.7,crizac,https://ipogyani.com/listed-ipo/2025/crizac,40.0,40.0,40.0,16.33,30.0,12.24
2025,Denta Water & Infra Solutions Ltd.,294.0,330.0,341.25,12.24,16.07,3.83,35.0,221.68,236.94,507.27,90.56,221.68,17.29,50.63,221.68,138.0,46.94,49.32,53.4,220.5,220.5,0.0,16.21,32.94,1.22,74.49,0.01,,12.2,denta-water-and-infra,https://ipogyani.com/listed-ipo/2025/denta-water-and-infra,145.0,157.0,150.0,51.02,140.0,47.62
2025,Dev AcceleratorIPO,61.0,61.0,64.05,0.0,5.0,5.0,10.0,63.97,20.3,87.97,164.5,63.97,5.33,16.08,63.97,10.0,16.39,16.39,18.03,143.35,143.35,0.0,321.05,60.95,1.27,50.64,2.39,,0.0,dev-accelerator,https://ipogyani.com/listed-ipo/2025/dev-accelerator,10.0,11.0,11.0,18.03,8.0,13.11
2025,Dr. Agarwal's HealthIPO,402.0,402.0,400.0,0.0,-0.5,-0.5,35.0,1.55,4.64,0.39,0.41,1.55,0.07,0.42,1.55,33.0,8.21,4.48,2.99,3027.26,300.0,2727.26,222.1,87.67,1.35,29.54,0.61,,0.0,dr-agarwal-s-health,https://ipogyani.com/listed-ipo/2025/dr-agarwal-s-health,18.0,12.0,5.0,1.24,3.0,0.75
2025,Ellenbarrie IndustrialIPO,400.0,486.0,534.6,21.5,33.65,12.15,35.0,22.19,64.23,15.21,2.14,22.19,0.08,0.31,22.19,11.0,2.75,2.75,2.0,852.53,400.0,452.53,67.68,140.74,1.27,35.12,0.32,,21.5,ellenbarrie-industrial,https://ipogyani.com/listed-ipo/2025/ellenbarrie-industrial,11.0,8.0,12.0,3.0,18.0,4.5
2025,Emmvee PhotovoltaicIPO,217.0,217.0,219.4,0.0,1.11,1.11,10.0,0.97,1.26,0.3,1.1,0.97,0.09,0.17,0.97,20.0,9.22,9.22,9.22,2900.0,2143.86,756.14,40.71,50.88,1.36,30.91,2.55,,0.0,emmvee-photovoltaic,https://ipogyani.com/listed-ipo/2025/emmvee-photovoltaic,20.0,20.0,7.0,3.23,4.0,1.84
2025,Epack Prefab Technologies Ltd.,204.0,184.0,190.66,-9.8,-6.54,3.26,35.0,3.07,5.1,3.68,1.69,3.07,0.3,0.69,3.07,20.0,9.8,7.35,9.8,504.0,300.0,204.0,34.52,28.91,1.17,10.39,0.15,,-9.8,epack-prefab,https://ipogyani.com/listed-ipo/2025/epack-prefab,15.0,20.0,18.0,8.82,16.0,7.84
2025,Euro Pratik SalesIPO,247.0,273.0,248.2,10.53,0.49,-10.04,35.0,1.34,1.05,1.92,1.23,1.34,0.43,0.7,1.34,10.0,4.05,4.05,4.05,451.31,0.0,451.31,32.8,47.83,1.17,38.74,0.01,,10.5,euro-pratik-sales,https://ipogyani.com/listed-ipo/2025/euro-pratik-sales,10.0,10.0,10.0,4.05,10.0,4.05
2025,Excelsoft TechnologiesIPO,120.0,135.0,125.97,12.5,4.97,-7.53,35.0,43.19,47.55,101.69,15.62,43.19,1.45,6.89,43.19,20.0,16.67,14.17,14.17,500.0,180.0,320.0,39.87,32.9,1.27,31.4,0.05,,12.5,excelsoft-technologies,https://ipogyani.com/listed-ipo/2025/excelsoft-technologies,17.0,17.0,17.0,14.17,15.0,12.5
2025,Fabtech TechnologiesIPO,191.0,192.0,182.4,0.52,-4.5,-5.03,35.0,2.03,2.02,1.97,2.08,2.03,0.7,1.0,2.03,33.0,17.28,17.28,17.28,230.35,230.35,0.0,,18.28,1.2,14.07,0.32,,0.5,fabtech-technologies,https://ipogyani.com/listed-ipo/2025/fabtech-technologies,33.0,33.0,3.0,1.57,2.0,1.05
2025,Fujiyama Power SystemsIPO,228.0,220.0,208.44,-3.51,-8.58,-5.07,35.0,2.14,5.15,0.88,1.0,2.14,0.09,0.4,2.14,0.0,0.0,0.0,0.0,828.0,600.0,228.0,44.68,48.47,1.22,16.13,0.87,,-3.5,fujiyama-power-systems,https://ipogyani.com/listed-ipo/2025/fujiyama-power-systems,0.0,0.0,0.0,0.0,0.0,0.0
2025,Ganesh Consumer Products Ltd.,322.0,296.0,294.3,-8.07,-8.6,-0.53,35.0,2.67,4.18,4.34,1.15,2.67,0.12,0.41,2.67,15.0,4.66,4.66,4.66,408.8,130.0,278.8,36.72,38.65,1.17,8.61,0.22,,-8.1,ganesh-consumer,https://ipogyani.com/listed-ipo/2025/ganesh-consumer,15.0,15.0,12.0,3.73,10.0,3.11
2025,Gem AromaticsIPO,325.0,333.0,319.05,2.46,-1.83,-4.29,35.0,30.27,55.28,45.06,10.31,30.27,1.03,2.9,30.27,35.0,10.77,10.77,8.92,451.25,175.0,276.25,33.71,67.34,1.22,17.55,0.78,,2.5,gem-aromatics,https://ipogyani.com/listed-ipo/2025/gem-aromatics,35.0,29.0,29.0,8.92,29.0,8.92
2025,GK EnergyIPO,153.0,171.0,167.74,11.76,9.63,-2.13,35.0,89.62,186.29,122.72,20.79,89.62,2.57,6.41,89.62,46.0,30.07,30.07,23.53,464.26,400.0,64.26,23.29,26.55,1.22,18.24,0.74,,11.8,gk-energy,https://ipogyani.com/listed-ipo/2025/gk-energy,46.0,36.0,27.0,17.65,21.0,13.73
2025,Globe Civil ProjectsIPO,71.0,90.0,94.46,26.76,33.04,6.28,35.0,86.03,99.76,143.14,53.71,86.03,6.97,12.94,86.03,15.0,21.13,18.31,25.35,119.0,119.0,0.0,17.87,38.8,1.29,13.44,1.6,,26.8,globe-civil-projects,https://ipogyani.com/listed-ipo/2025/globe-civil-projects,13.0,18.0,20.0,28.17,20.0,28.17
2025,GlottisIPO,129.0,84.0,83.7,-34.88,-35.12,-0.23,40.0,2.05,1.87,2.97,1.42,2.05,0.42,0.93,2.05,20.0,15.5,15.5,11.63,307.0,160.0,147.0,21.22,21.77,1.22,8.34,0.22,,-34.9,glottis,https://ipogyani.com/listed-ipo/2025/glottis,20.0,15.0,18.0,13.95,15.0,11.63
2025,GNG ElectronicsIPO,237.0,355.0,333.39,49.79,40.67,-9.12,35.0,146.9,266.21,226.45,45.31,146.9,8.99,26.93,146.9,70.0,29.54,31.65,42.19,460.44,400.0,60.44,39.14,,1.33,8.94,1.92,,49.8,gng-electronics,https://ipogyani.com/listed-ipo/2025/gng-electronics,75.0,100.0,100.0,42.19,100.0,42.19
2025,Billionbrains Garage Ventures Ltd.,100.0,112.0,131.33,12.0,31.33,19.33,10.0,17.6,22.02,14.2,9.43,17.6,0.57,1.64,17.6,15.0,15.0,17.0,17.0,6632.3,1060.0,5572.3,33.78,19.95,,60.77,0.03,,12.0,groww-nextbillion-technology,https://ipogyani.com/listed-ipo/2025/groww-nextbillion-technology,17.0,17.0,15.0,15.0,6.0,6.0
2025,Gujarat Kidney Super SpecialityIPO,114.0,120.0,105.54,5.26,-7.42,-12.68,35.0,6.14,5.73,19.03,1.54,6.14,2.72,5.21,6.14,10.0,3.07,2.63,-1.75,250.8,0.0,7.0,30.0,0.15,1.2,1.27,38.0,,5.3,gujarat-kidney-super-speciality,https://ipogyani.com/listed-ipo/2025/gujarat-kidney-super-speciality,10.0,10.0,5.0,0.0,5.0,18.4
2025,HDB Financial ServicesIPO,740.0,835.0,840.95,12.84,13.64,0.8,35.0,16.69,55.47,9.99,1.41,16.69,0.35,1.11,16.69,50.0,6.76,9.46,10.14,12500.0,2500.0,10000.0,28.21,26.77,1.27,58.36,5.85,,12.8,hdb-financial-services,https://ipogyani.com/listed-ipo/2025/hdb-financial-services,70.0,75.0,75.0,10.14,55.0,7.43
2025,Hexaware TechnologiesIPO,708.0,745.0,762.55,5.23,7.7,2.48,35.0,2.66,9.09,0.2,0.11,2.66,0.03,0.15,2.66,13.0,1.84,0.99,0.71,8750.0,0.0,8750.0,37.76,61.5,1.2,15.3,0.07,,5.2,hexaware-technologies,https://ipogyani.com/listed-ipo/2025/hexaware-technologies,7.0,5.0,5.0,0.71,5.0,0.71
2025,Highway InfrastructureIPO,70.0,115.0,120.75,64.29,72.5,8.21,35.0,300.57,420.57,447.29,155.51,300.57,27.04,72.92,300.57,30.0,42.86,57.14,57.14,130.0,97.52,32.48,22.4,20.2,1.38,6.32,0.61,,64.3,highway-infrastructure,https://ipogyani.com/listed-ipo/2025/highway-infrastructure,40.0,40.0,40.0,57.14,38.0,54.29
2025,ICICI Prudential Asset Management Co.Ltd.,2165.0,2600.0,2585.9,20.09,19.44,-0.65,35.0,39.17,123.87,22.04,2.53,39.17,0.72,2.11,39.17,115.0,5.31,5.31,7.48,10602.65,0.0,10602.65,36.35,31.5,1.26,73.07,0.0,,20.1,icici-prudential-amc,https://ipogyani.com/listed-ipo/2025/icici-prudential-amc,115.0,162.0,235.0,10.85,300.0,13.86
2025,IndiQube SpacesIPO,237.0,216.0,217.97,-8.86,-8.03,0.83,10.0,12.33,14.35,8.24,12.55,12.33,0.87,2.54,12.33,40.0,16.88,16.88,10.55,700.0,650.0,50.0,,66.66,1.22,62.32,1.18,,-8.9,indiqube-spaces,https://ipogyani.com/listed-ipo/2025/indiqube-spaces,40.0,25.0,18.0,7.59,10.0,4.22
2025,Indo Farm EquipmentIPO,215.0,256.0,273.69,19.07,27.3,8.23,35.0,227.51,242.4,501.63,101.52,227.51,17.71,54.55,227.51,77.0,35.81,36.28,37.21,260.15,184.9,75.25,66.15,42.11,1.56,16.66,0.85,,19.1,indo-farm-equipment,https://ipogyani.com/listed-ipo/2025/indo-farm-equipment,78.0,80.0,83.0,38.6,87.0,40.47
2025,Indogulf CropsciencesIPO,111.0,111.0,110.35,0.0,-0.59,-0.59,35.0,25.98,33.26,48.39,14.77,25.98,0.39,0.94,25.98,10.0,9.01,10.81,10.81,200.0,160.0,40.0,24.16,24.76,1.22,10.09,0.67,,0.0,indogulf-cropsciences,https://ipogyani.com/listed-ipo/2025/indogulf-cropsciences,12.0,12.0,10.0,9.01,8.0,7.21
2025,iValue InfosolutionsIPO,299.0,285.0,281.85,-4.68,-5.74,-1.05,35.0,1.82,3.18,1.26,1.28,1.82,0.28,0.89,1.82,21.0,7.02,7.02,6.02,560.29,0.0,560.29,18.71,10.15,1.22,13.99,0.08,,-4.7,ivalue-infosolutions,https://ipogyani.com/listed-ipo/2025/ivalue-infosolutions,21.0,18.0,18.0,6.02,6.0,2.01
2025,Jain Resource RecyclingIPO,232.0,265.0,318.06,14.22,37.09,22.87,10.0,15.9,25.29,5.3,3.62,15.9,0.73,1.24,15.9,16.0,6.9,8.62,12.93,1250.0,500.0,750.0,35.86,46.45,1.4,5.17,0.92,,14.2,jain-resource-recycling,https://ipogyani.com/listed-ipo/2025/jain-resource-recycling,20.0,30.0,21.0,9.05,18.0,7.76
2025,Jaro Institute of Technology Management & Research Ltd.,890.0,890.0,744.25,0.0,-16.38,-16.38,35.0,22.06,35.35,35.48,8.71,22.06,0.87,1.95,22.06,104.0,11.69,11.69,13.48,450.0,170.0,280.0,38.16,22.5,1.27,33.12,0.3,,0.0,jaro-education,https://ipogyani.com/listed-ipo/2025/jaro-education,104.0,120.0,130.0,14.61,110.0,12.36
2025,Jinkushal IndustriesIPO,121.0,125.0,121.66,3.31,0.55,-2.76,35.0,65.1,35.66,146.39,47.1,65.1,2.29,5.11,65.1,23.0,19.01,19.01,14.88,116.11,104.49,11.61,24.21,18.0,1.2,7.52,0.58,,3.3,jinkushal-industries,https://ipogyani.com/listed-ipo/2025/jinkushal-industries,23.0,18.0,20.0,16.53,21.0,17.36
2025,JSW CementIPO,147.0,164.0,146.07,11.56,-0.63,-12.2,35.0,7.77,15.8,10.97,1.81,7.77,0.29,0.56,7.77,20.0,13.61,6.8,4.08,3600.0,1600.0,2000.0,,64.43,1.27,13.78,2.55,,11.6,jsw-cement,https://ipogyani.com/listed-ipo/2025/jsw-cement,10.0,6.0,4.0,2.72,6.0,4.08
2025,KalpataruIPO,414.0,414.0,432.95,0.0,4.58,4.58,10.0,2.26,3.12,1.31,1.29,2.26,0.09,0.35,2.26,9.0,2.17,2.17,1.69,1590.0,1590.0,0.0,1340.16,72.95,1.19,312.4,0.91,,0.0,kalpataru,https://ipogyani.com/listed-ipo/2025/kalpataru,9.0,7.0,10.0,2.42,5.0,1.21
2025,KSH InternationalIPO,384.0,370.0,355.0,-3.65,-7.55,-3.91,35.0,0.83,1.06,0.42,0.86,0.83,0.15,0.26,0.83,7.0,1.82,1.82,1.82,626.35,420.0,206.35,38.29,46.45,1.17,6.35,1.17,,-3.6,ksh-international,https://ipogyani.com/listed-ipo/2025/ksh-international,7.0,7.0,7.0,1.82,7.0,1.82
2025,Laxmi DentalIPO,428.0,542.0,550.55,26.64,28.63,2.0,10.0,113.97,110.38,147.51,74.41,113.97,5.3,16.03,113.97,165.0,38.55,38.55,38.55,698.06,138.0,560.06,51.99,95.0,1.26,12.29,0.94,,26.6,laxmi-dental,https://ipogyani.com/listed-ipo/2025/laxmi-dental,165.0,165.0,140.0,32.71,140.0,32.71
2025,Laxmi India FinanceIPO,158.0,138.0,134.11,-12.66,-15.12,-2.46,35.0,1.85,1.3,1.83,2.19,1.85,0.37,0.88,1.85,0.0,0.0,0.0,0.0,254.26,165.16,89.09,22.93,18.8,1.17,52.3,4.02,,-12.7,laxmi-india-finance,https://ipogyani.com/listed-ipo/2025/laxmi-india-finance,0.0,0.0,0.0,,0.0,0.0
2025,Lenskart SolutionsIPO,402.0,395.0,403.1,-1.74,0.27,2.01,10.0,28.26,40.35,18.23,7.53,28.26,1.13,2.02,28.26,75.0,18.66,16.92,15.42,7278.02,2150.0,5128.02,235.09,,,14.6,23.61,,-1.7,lenskart-solutions,https://ipogyani.com/listed-ipo/2025/lenskart-solutions,68.0,62.0,95.0,23.63,60.0,14.93
2025,LG Electronics IndiaIPO,1140.0,1710.0,1689.9,50.0,48.24,-1.76,35.0,54.02,166.51,22.44,3.54,54.02,1.04,3.32,54.02,168.0,14.74,21.93,27.63,11607.01,0.0,11607.01,35.12,28.66,1.31,12.76,0.0,,50.0,lg-electronics-india,https://ipogyani.com/listed-ipo/2025/lg-electronics-india,250.0,315.0,300.0,26.32,300.0,26.32
2025,M&B EngineeringIPO,385.0,385.0,405.25,0.0,5.26,5.26,10.0,36.2,36.72,38.24,32.53,36.2,0.66,2.94,36.2,41.0,10.65,9.61,10.91,650.0,275.0,375.0,28.55,26.81,1.27,12.78,0.33,,0.0,m-and-b-engineering,https://ipogyani.com/listed-ipo/2025/m-and-b-engineering,37.0,42.0,63.0,16.36,55.0,14.29
2025,Mangal Electrical Industries Ltd.,561.0,556.0,535.35,-0.89,-4.57,-3.68,35.0,9.46,10.54,18.79,4.84,9.46,0.54,1.98,9.46,20.0,3.57,3.57,4.46,400.0,400.0,0.0,32.77,37.12,1.23,14.9,0.92,,-0.9,mangal-electrical,https://ipogyani.com/listed-ipo/2025/mangal-electrical,20.0,25.0,29.0,5.17,33.0,5.88
2025,MeeshoIPO,111.0,163.0,170.09,46.85,53.23,6.39,10.0,79.02,120.18,38.15,19.04,79.02,2.35,7.97,79.02,42.0,37.84,37.84,42.34,5421.2,4250.0,1171.2,,599.57,,-285.4,0.09,,46.8,meesho,https://ipogyani.com/listed-ipo/2025/meesho,42.0,47.0,45.0,40.54,42.0,37.84
2025,MidwestIPO,1065.0,1165.0,1140.5,9.39,7.09,-2.3,35.0,87.86,139.87,168.05,24.21,87.86,1.84,11.73,87.86,20.0,1.88,1.88,11.27,451.0,250.0,201.0,28.88,12.73,1.23,27.43,0.43,,9.4,midwest,https://ipogyani.com/listed-ipo/2025/midwest,20.0,120.0,175.0,16.43,150.0,14.08
2025,Nephrocare Health Services Ltd.,460.0,490.0,471.25,6.52,2.45,-4.08,35.0,13.96,27.47,24.27,2.31,13.96,0.12,0.36,13.96,25.0,5.43,5.43,5.43,871.05,353.41,517.64,161.97,50.95,1.31,22.05,0.05,,6.5,nephroplus,https://ipogyani.com/listed-ipo/2025/nephroplus,25.0,25.0,25.0,5.43,25.0,5.43
2025,National Securities Depository Ltd.,800.0,880.0,936.0,10.0,17.0,7.0,35.0,41.0,103.97,34.98,7.73,41.0,1.78,5.03,41.0,135.0,16.88,16.88,16.0,4011.6,0.0,4011.6,46.62,68.04,1.29,34.71,0.0,,10.0,nsdl,https://ipogyani.com/listed-ipo/2025/nsdl,135.0,128.0,133.0,16.63,133.0,16.63
2025,Om Freight ForwardersIPO,135.0,82.0,85.57,-39.26,-36.61,2.64,35.0,7.7,3.97,7.39,2.75,7.7,2.77,4.45,7.7,10.0,7.41,7.41,7.41,122.32,24.44,97.88,20.68,16.52,1.17,7.69,0.17,,-39.3,om-freight-forwarders,https://ipogyani.com/listed-ipo/2025/om-freight-forwarders,10.0,10.0,2.0,1.48,7.0,5.19
2025,Orkla IndiaIPO,730.0,750.0,713.65,2.74,-2.24,-4.98,35.0,48.73,117.63,54.42,7.05,48.73,0.79,2.7,48.73,115.0,15.75,12.74,10.68,1667.54,0.0,1667.54,39.04,85.9,1.11,16.6,0.0,,2.7,orkla-india,https://ipogyani.com/listed-ipo/2025/orkla-india,93.0,78.0,95.0,13.01,71.0,9.73
2025,Oswal PumpsIPO,614.0,634.0,625.35,3.26,1.85,-1.41,35.0,34.42,88.08,36.7,3.6,34.42,0.42,1.65,34.42,67.0,10.91,12.21,12.21,1387.34,890.0,497.34,24.22,47.33,1.23,19.79,0.42,,3.3,oswal-pumps,https://ipogyani.com/listed-ipo/2025/oswal-pumps,75.0,75.0,65.0,10.59,51.0,8.31
2025,Pace DigitekIPO,219.0,255.0,217.99,16.44,-0.46,-16.9,35.0,1.59,1.6,2.9,1.03,1.59,0.16,0.38,1.59,20.0,9.13,10.5,9.13,819.15,819.15,0.0,16.94,48.91,1.27,20.71,0.13,,16.4,pace-digitek,https://ipogyani.com/listed-ipo/2025/pace-digitek,23.0,20.0,27.0,12.33,15.0,6.85
2025,Park Medi WorldIPO,162.0,159.0,147.95,-1.85,-8.67,-6.82,35.0,8.1,11.48,15.15,3.16,8.1,0.52,0.98,8.1,30.0,18.52,18.52,15.43,920.0,770.0,150.0,25.16,89.42,1.27,26.71,0.61,,-1.9,park-medi-world,https://ipogyani.com/listed-ipo/2025/park-medi-world,30.0,25.0,18.0,11.11,15.0,9.26
2025,Patel RetailIPO,255.0,300.0,287.7,17.65,12.82,-4.82,35.0,95.7,272.43,108.17,42.49,95.7,6.39,19.5,95.7,36.0,14.12,14.12,17.65,242.76,217.21,25.55,33.69,47.34,1.27,7.61,1.34,,17.6,patel-retail,https://ipogyani.com/listed-ipo/2025/patel-retail,36.0,45.0,48.0,18.82,48.0,18.82
2025,PhysicswallahIPO,109.0,145.0,155.24,33.03,42.42,9.39,10.0,1.81,2.7,0.48,1.06,1.81,0.08,0.13,1.81,6.0,5.5,3.67,3.67,3480.0,3100.0,380.0,33.03,22.0,,6.69,0.38,,33.0,physicswallah,https://ipogyani.com/listed-ipo/2025/physicswallah,4.0,4.0,2.0,1.83,2.0,1.83
2025,Pine LabsIPO,221.0,242.0,252.0,9.5,14.03,4.52,10.0,2.46,4.0,0.3,1.22,2.46,0.13,0.56,2.46,25.0,11.31,9.05,3.17,3899.91,2080.0,1819.91,,48.87,,10.32,0.21,,9.5,pine-labs,https://ipogyani.com/listed-ipo/2025/pine-labs,20.0,7.0,5.0,2.26,4.0,1.81
2025,Prostarm Info SystemsIPO,105.0,120.0,126.0,14.29,20.0,5.71,35.0,97.19,104.49,222.13,39.48,97.19,3.55,12.36,97.19,24.0,22.86,22.86,22.86,168.0,168.0,0.0,20.97,149.0,1.27,14.2,0.51,,14.3,prostarm-info-systems,https://ipogyani.com/listed-ipo/2025/prostarm-info-systems,24.0,24.0,24.0,22.86,22.0,20.95
2025,Quadrant Future TekIPO,290.0,370.0,444.0,27.59,53.1,25.52,10.0,185.8,132.54,254.16,243.03,185.8,15.86,48.99,185.8,165.0,56.9,56.9,65.52,290.0,290.0,0.0,59.1,58.52,1.45,24.15,1.86,,27.6,quadrant-future-tek,https://ipogyani.com/listed-ipo/2025/quadrant-future-tek,165.0,190.0,190.0,65.52,200.0,68.97
2025,Quality Power Electrical Equipments Ltd.,425.0,432.0,387.9,1.65,-8.73,-10.38,10.0,1.29,1.03,1.45,1.82,1.29,0.62,0.83,1.29,32.0,7.53,7.76,6.59,858.7,225.0,633.7,32.86,247.47,1.27,12.68,0.2,,1.6,quality-power-electrical,https://ipogyani.com/listed-ipo/2025/quality-power-electrical,33.0,28.0,20.0,4.71,7.0,1.65
2025,Regaal ResourcesIPO,102.0,141.0,131.58,38.24,29.0,-9.24,35.0,159.86,190.97,356.71,57.72,159.86,5.94,26.4,159.86,23.0,22.55,22.55,24.51,306.0,210.0,96.0,21.98,28.34,1.29,12.32,2.08,,38.2,regaal-resources,https://ipogyani.com/listed-ipo/2025/regaal-resources,23.0,25.0,27.0,26.47,32.0,31.37
2025,Rubicon ResearchIPO,485.0,620.0,628.2,27.84,29.53,1.69,10.0,103.89,130.26,97.61,35.47,103.89,0.51,2.37,103.89,77.0,15.88,16.08,17.53,1377.5,500.0,877.5,59.45,26.55,1.38,20.67,0.73,,27.8,rubicon-research,https://ipogyani.com/listed-ipo/2025/rubicon-research,78.0,85.0,105.0,21.65,98.0,20.21
2025,Saatvik Green EnergyIPO,465.0,465.0,440.7,0.0,-5.23,-5.23,35.0,6.57,10.84,10.04,2.66,6.57,0.59,1.09,6.57,75.0,16.13,16.13,13.98,900.0,700.0,200.0,27.63,52.49,1.36,16.4,1.36,,0.0,saatvik-green-energy,https://ipogyani.com/listed-ipo/2025/saatvik-green-energy,75.0,65.0,33.0,7.1,10.0,2.15
2025,Sambhv Steel TubesIPO,82.0,110.0,97.59,34.15,19.01,-15.13,35.0,28.46,62.32,31.82,7.98,28.46,0.43,1.76,28.46,8.0,9.76,9.76,9.76,540.0,440.0,100.0,44.53,41.73,1.29,12.43,0.8,,34.1,sambhv-steel-tubes,https://ipogyani.com/listed-ipo/2025/sambhv-steel-tubes,8.0,8.0,8.0,9.76,11.0,13.41
2025,Schloss BangaloreIPO,435.0,406.0,435.55,-6.67,0.13,6.79,10.0,4.5,7.46,1.02,0.83,4.5,0.06,0.17,4.5,20.0,4.6,4.6,4.14,3500.0,2500.0,1000.0,220.81,107.61,1.22,49.78,1.07,,-6.7,schloss-bangalore,https://ipogyani.com/listed-ipo/2025/schloss-bangalore,20.0,18.0,15.0,3.45,5.0,1.15
2025,Scoda TubesIPO,140.0,140.0,147.0,0.0,5.0,5.0,35.0,53.78,69.51,113.02,19.39,53.78,2.06,8.11,53.78,15.0,10.71,15.0,15.0,220.0,220.0,0.0,25.25,46.01,1.29,14.7,3.19,,0.0,scoda-tubes,https://ipogyani.com/listed-ipo/2025/scoda-tubes,21.0,21.0,21.0,15.0,22.0,15.71
2025,Seshaasai TechnologiesIPO,423.0,432.0,411.45,2.13,-2.73,-4.86,35.0,68.13,189.63,49.89,9.17,68.13,0.99,3.09,68.13,107.0,25.3,26.48,21.28,813.07,480.0,333.07,30.79,,1.23,25.13,0.37,,2.1,seshaasai-technologies,https://ipogyani.com/listed-ipo/2025/seshaasai-technologies,112.0,90.0,80.0,18.91,55.0,13.0
2025,Shanti Gold International Ltd.,199.0,228.0,229.38,14.57,15.27,0.69,35.0,80.8,117.33,151.18,29.77,80.8,1.16,4.93,80.8,36.0,18.09,18.09,18.09,360.11,360.11,0.0,25.69,16.89,1.17,8.83,1.6,,14.6,shanti-gold,https://ipogyani.com/listed-ipo/2025/shanti-gold,36.0,36.0,36.0,18.09,37.0,18.59
2025,Shreeji Shipping Global Ltd.,252.0,270.0,255.1,7.14,1.23,-5.91,35.0,58.1,110.41,72.7,21.94,58.1,2.13,6.6,58.1,27.0,10.71,10.71,11.51,410.71,410.71,0.0,29.07,21.5,1.22,33.03,0.75,,7.1,shreeji-shipping,https://ipogyani.com/listed-ipo/2025/shreeji-shipping,27.0,29.0,29.0,11.51,36.0,14.29
2025,Shringar House of MangalsutraIPO,165.0,189.0,184.88,14.55,12.05,-2.5,35.0,60.27,101.41,82.58,27.18,60.27,2.01,8.24,60.27,25.0,15.15,15.15,18.18,400.95,400.95,0.0,26.03,31.61,1.17,6.48,0.61,,14.5,shringar-house-of-mangalsutra,https://ipogyani.com/listed-ipo/2025/shringar-house-of-mangalsutra,25.0,30.0,30.0,18.18,30.0,18.18
2025,Smartworks CoworkingIPO,407.0,435.0,445.05,6.88,9.35,2.47,35.0,13.45,24.41,22.78,3.53,13.45,0.5,1.15,13.45,27.0,6.63,6.63,7.37,582.56,445.0,137.56,,63.18,1.22,62.39,2.9,,6.9,smartworks-coworking,https://ipogyani.com/listed-ipo/2025/smartworks-coworking,27.0,30.0,33.0,8.11,25.0,6.14
2025,Solarworld Energy Solutions Ltd.,351.0,389.0,323.25,10.83,-7.91,-18.73,10.0,65.01,70.43,64.73,49.15,65.01,1.23,4.0,65.01,33.0,9.4,17.95,18.52,490.0,440.0,50.0,39.48,83.85,1.27,19.6,0.37,,10.8,solarworld-energy,https://ipogyani.com/listed-ipo/2025/solarworld-energy,63.0,65.0,65.0,18.52,58.0,16.52
2025,Sri Lotus Developers & Realty Ltd.,150.0,178.0,195.67,18.67,30.45,11.78,35.0,69.13,163.9,57.71,20.27,69.13,3.6,10.34,69.13,44.0,20.0,20.0,20.0,792.0,792.0,0.0,32.17,34.7,1.27,52.57,0.13,,18.7,sri-lotus-developers,https://ipogyani.com/listed-ipo/2025/sri-lotus-developers,44.0,42.0,42.0,20.0,40.0,20.0
2025,Stallion India FluorochemicalsIPO,90.0,120.0,126.0,33.33,40.0,6.67,35.0,188.38,172.93,422.42,96.9,188.38,7.08,32.12,188.38,20.0,22.22,22.22,50.0,199.45,160.73,38.72,21.53,76.16,1.27,11.3,0.55,,33.3,stallion-india-fluorochemicals,https://ipogyani.com/listed-ipo/2025/stallion-india-fluorochemicals,20.0,45.0,45.0,50.0,40.0,44.44
2025,Standard Glass Lining Technology Ltd.,140.0,176.0,163.28,25.71,16.63,-9.09,35.0,182.44,331.6,267.94,63.77,182.44,13.32,34.85,182.44,85.0,60.71,60.71,64.29,410.05,210.0,200.05,38.46,59.06,1.45,18.36,0.32,,25.7,standard-glass-lining,https://ipogyani.com/listed-ipo/2025/standard-glass-lining,85.0,90.0,95.0,67.86,95.0,67.86
2025,Studds AccessoriesIPO,585.0,565.0,560.3,-3.42,-4.22,-0.8,35.0,73.25,159.99,76.99,22.09,73.25,1.54,5.08,73.25,60.0,10.26,10.26,9.74,455.49,0.0,455.49,33.05,,1.17,17.96,0.05,,-3.4,studds-accessories,https://ipogyani.com/listed-ipo/2025/studds-accessories,60.0,57.0,65.0,11.11,67.0,11.45
2025,Sudeep PharmaIPO,593.0,730.0,774.15,23.1,30.55,7.45,35.0,93.71,213.08,116.72,15.65,93.71,1.42,5.09,93.71,90.0,15.18,21.92,18.55,895.0,95.0,800.0,48.29,,1.36,39.7,0.2,,23.1,sudeep-pharma,https://ipogyani.com/listed-ipo/2025/sudeep-pharma,130.0,110.0,110.0,18.55,85.0,14.33
2025,Tata CapitalIPO,326.0,330.0,330.5,1.23,1.38,0.15,35.0,1.95,3.42,1.98,1.1,1.95,0.39,0.75,1.95,17.0,5.21,5.21,2.45,15511.87,6846.0,8665.87,37.78,24.95,1.2,,,,1.2,tata-capital,https://ipogyani.com/listed-ipo/2025/tata-capital,17.0,8.0,12.0,3.68,8.0,2.45
2025,Tenneco Clean Air IndiaIPO,397.0,505.0,490.8,27.2,23.63,-3.58,35.0,58.83,166.42,40.74,5.11,58.83,0.42,2.93,58.83,65.0,16.37,14.61,14.61,3600.0,0.0,3600.0,29.02,50.41,1.27,16.67,0.31,,27.2,tenneco-clean-air-india,https://ipogyani.com/listed-ipo/2025/tenneco-clean-air-india,58.0,58.0,85.0,21.41,75.0,18.89
2025,Travel Food ServicesIPO,1100.0,1125.0,1074.8,2.27,-2.29,-4.56,35.0,2.88,7.7,1.58,0.69,2.88,0.1,0.25,2.88,85.0,7.73,7.73,4.09,2000.0,0.0,2000.0,39.88,950.31,1.15,40.07,0.12,,2.3,travel-food-services,https://ipogyani.com/listed-ipo/2025/travel-food-services,85.0,45.0,20.0,1.82,12.0,1.09
2025,TruAlt BioenergyIPO,496.0,545.0,530.95,9.88,7.05,-2.83,35.0,71.92,159.22,98.56,11.0,71.92,0.44,0.81,71.92,55.0,11.09,12.1,15.52,839.28,750.0,89.28,29.01,28.48,1.36,16.2,2.02,,9.9,trualt-bioenergy,https://ipogyani.com/listed-ipo/2025/trualt-bioenergy,60.0,77.0,77.0,15.52,88.0,17.74
2025,Unimech Aerospace & Manufacturing Ltd.,785.0,1460.0,1376.25,85.99,75.32,-10.67,35.0,174.71,317.63,263.11,55.84,174.71,3.82,9.09,174.71,400.0,50.96,50.96,57.32,500.0,250.0,250.0,51.6,129.33,1.31,37.93,0.32,,86.0,unimech-aerospace,https://ipogyani.com/listed-ipo/2025/unimech-aerospace,400.0,450.0,500.0,63.69,605.0,77.07
2025,Urban Co.Ltd.,103.0,162.0,166.83,57.28,61.97,4.69,10.0,103.63,140.2,74.04,39.25,103.63,3.13,9.0,103.63,27.0,26.21,33.98,33.98,1900.0,472.0,1428.0,66.03,,,0.37,0.14,,57.3,urban-company,https://ipogyani.com/listed-ipo/2025/urban-company,35.0,35.0,40.0,38.83,43.0,41.75
2025,Ventive HospitalityIPO,643.0,716.0,704.35,11.35,9.54,-1.81,10.0,9.8,9.08,13.85,5.87,9.8,0.71,1.28,9.8,55.0,8.55,8.55,8.55,1600.0,1600.0,0.0,90.3,155.45,1.22,45.6,1.23,,11.4,ventive-hospitality,https://ipogyani.com/listed-ipo/2025/ventive-hospitality,55.0,55.0,50.0,7.78,45.0,7.0
2025,Vidya WiresIPO,52.0,52.0,53.17,0.0,2.25,2.25,35.0,26.59,5.12,51.98,27.86,26.59,2.89,8.26,26.59,11.0,21.15,21.15,13.46,300.01,274.0,26.01,27.06,47.82,1.2,4.32,0.88,,0.0,vidya-wires,https://ipogyani.com/listed-ipo/2025/vidya-wires,11.0,7.0,7.0,13.46,7.0,13.46
2025,Vikram SolarIPO,332.0,338.0,356.4,1.81,7.35,5.54,35.0,54.63,142.79,50.9,7.65,54.63,1.52,4.57,54.63,58.0,17.47,17.47,17.17,2079.37,1500.0,579.37,85.79,43.52,1.36,14.37,0.19,,1.8,vikram-solar,https://ipogyani.com/listed-ipo/2025/vikram-solar,58.0,57.0,45.0,13.55,45.0,13.55
2025,Vikran EngineeringIPO,97.0,99.0,95.71,2.06,-1.33,-3.39,35.0,23.59,19.45,58.58,10.97,23.59,2.38,5.24,23.59,20.0,20.62,18.56,22.68,772.0,721.0,51.0,32.15,365.72,1.2,17.5,0.58,,2.1,vikran-engineering,https://ipogyani.com/listed-ipo/2025/vikran-engineering,18.0,22.0,15.0,15.46,11.0,11.34
2025,VMS TMTIPO,99.0,105.0,99.65,6.06,0.66,-5.4,50.0,102.26,120.8,227.09,47.88,102.26,8.4,21.75,102.26,20.0,20.2,24.24,24.24,148.5,148.5,0.0,33.33,12.63,1.2,5.91,3.77,,6.1,vms-tmt,https://ipogyani.com/listed-ipo/2025/vms-tmt,24.0,24.0,24.0,24.24,19.0,19.19
2025,Wakefit InnovationsIPO,195.0,195.0,192.29,0.0,-1.39,-1.39,10.0,2.52,3.04,1.05,3.17,2.52,0.15,0.39,2.52,36.0,18.46,18.46,18.46,1288.89,377.18,911.71,89.45,42.02,,7.13,0.53,,0.0,wakefit-innovations,https://ipogyani.com/listed-ipo/2025/wakefit-innovations,36.0,36.0,5.0,2.56,3.0,1.54
2025,WeWork India ManagementIPO,648.0,650.0,628.65,0.31,-2.99,-3.29,10.0,1.15,1.79,0.23,0.61,1.15,0.04,0.13,1.15,15.0,2.31,2.31,2.31,3000.0,0.0,3000.0,65.65,59.38,1.22,63.41,0.65,,0.3,wework-india-management,https://ipogyani.com/listed-ipo/2025/wework-india-management,15.0,15.0,6.0,0.93,6.0,0.93
2026,Aeroplane Basmati RiceIPO,212.0,200.0,180.0,-5.66,-15.09,-9.43,35.0,3.23,1.11,12.7,1.36,3.23,1.19,1.47,3.23,5.0,2.36,1.41,0.94,440.0,440.0,0.0,22.57,18.68,1.21,8.18,2.07,-10.2,-5.7,aeroplane-basmati-rice,https://ipogyani.com/listed-ipo/2026/aeroplane-basmati-rice,3.0,2.0,3.0,1.41,3.0,2.36
2026,Amagi Media LabsIPO,361.0,318.0,348.25,-11.91,-3.52,8.39,35.0,30.22,33.77,37.36,9.31,30.22,0.06,0.13,30.22,10.0,2.77,4.99,6.65,1788.62,816.0,972.62,603.43,200.0,200.0,2.02,200.0,,-11.9,amagi-media-labs,https://ipogyani.com/listed-ipo/2026/amagi-media-labs,18.0,24.0,26.0,7.2,10.0,2.77
2026,Aye FinanceIPO,129.0,129.0,128.91,0.0,-0.07,-0.07,35.0,0.97,1.5,0.05,0.77,0.97,0.12,0.16,0.97,200.0,200.0,200.0,200.0,1010.0,710.0,300.0,24.62,24.37,1.01,200.0,2.73,,0.0,aye-finance,https://ipogyani.com/listed-ipo/2026/aye-finance,200.0,200.0,2.0,1.55,5.0,3.88
2026,Bharat Coking CoalIPO,23.0,45.0,40.58,95.65,76.43,-19.22,35.0,146.79,310.81,258.02,49.24,146.79,8.09,33.67,146.79,14.0,60.87,56.52,56.52,1071.11,0.0,1071.11,43.4,17.85,2.43,16.36,200.0,,95.7,bharat-coking-coal,https://ipogyani.com/listed-ipo/2026/bharat-coking-coal,13.0,13.0,12.0,52.17,14.0,60.87
2026,Central Mine Planning & Design Institute Ltd.,172.0,160.0,154.06,-6.98,-10.43,-3.45,35.0,0.96,3.08,0.35,0.33,0.96,0.07,0.25,0.96,8.0,4.65,5.23,5.23,1842.12,0.0,1842.12,13.87,22.55,0.61,42.1,200.0,-8.9,-7.0,central-mine-planning,https://ipogyani.com/listed-ipo/2026/central-mine-planning,9.0,9.0,6.0,3.49,8.0,4.65
2026,Clean Max Enviro Energy Solutions Ltd.,1053.0,960.0,867.5,-8.83,-17.62,-8.79,35.0,0.94,2.83,0.54,0.06,0.94,0.34,0.45,0.94,-20.0,-1.9,-1.9,-1.42,3100.0,1200.0,1900.0,542.78,244.42,2.22,67.87,1.97,,-8.8,clean-max-enviro-energy,https://ipogyani.com/listed-ipo/2026/clean-max-enviro-energy,-20.0,-15.0,-5.0,-0.47,4.0,0.38
2026,Fractal AnalyticsIPO,900.0,876.0,847.15,-2.67,-5.87,-3.2,35.0,2.66,4.18,1.06,1.03,2.66,0.09,0.2,2.66,-30.0,-3.33,-3.33,0.22,2833.9,1023.5,1810.4,107.78,67.37,1.6,14.4,0.09,,-2.7,fractal-analytics,https://ipogyani.com/listed-ipo/2026/fractal-analytics,-30.0,2.0,7.0,0.78,10.0,1.11
2026,Gaudium IVF & Women Health Ltd.,79.0,83.0,80.26,5.06,1.59,-3.47,35.0,7.27,1.62,14.05,7.6,7.27,0.88,3.0,7.27,-2.0,-2.53,3.8,6.33,165.0,90.0,75.0,22.97,25.17,0.91,40.48,0.41,,5.1,gaudium-ivf,https://ipogyani.com/listed-ipo/2026/gaudium-ivf,3.0,5.0,8.0,10.13,12.0,15.19
2026,GSP Crop ScienceIPO,320.0,328.0,356.25,2.5,11.33,8.83,35.0,1.61,2.66,3.05,0.4,1.61,0.47,0.96,1.61,0.0,0.0,0.0,0.0,400.0,240.0,160.0,8.99,27.54,0.33,12.74,0.58,-4.1,2.5,gsp-crop-science,https://ipogyani.com/listed-ipo/2026/gsp-crop-science,0.0,0.0,0.0,0.0,0.0,0.0
2026,InnovisionIPO,519.0,467.7,374.2,-9.88,-27.9,-18.02,65.0,3.47,14.35,8.62,0.6,3.47,0.12,0.32,3.47,-95.0,-18.3,-4.82,-4.82,319.25,255.0,64.25,29.88,113.87,0.26,5.79,0.97,-10.9,-9.9,innovision,https://ipogyani.com/listed-ipo/2026/innovision,-25.0,-25.0,-25.0,-4.82,-25.0,-4.82
2026,KisshtIPO,171.0,190.0,208.63,11.11,22.03,9.81,35.0,9.49,24.87,6.57,2.02,9.49,0.24,0.43,9.49,8.0,4.68,3.51,2.92,925.92,850.0,75.92,11.66,32.73,0.36,30.16,1.5,4.6,11.1,kissht-ipo,https://ipogyani.com/listed-ipo/2026/kissht-ipo,6.0,6.0,5.0,1.17,25.0,14.62
2026,Om Power TransmissionIPO,175.0,186.0,193.38,6.29,10.5,3.97,35.0,3.33,3.65,7.06,1.54,3.33,0.39,0.71,3.33,2.0,1.14,1.14,1.14,150.06,132.56,17.5,19.83,33.68,0.59,12.66,0.26,1.2,6.3,om-power-transmission,https://ipogyani.com/listed-ipo/2026/om-power-transmission,2.0,2.0,2.0,1.14,3.0,1.71
2026,Omnitech EngineeringIPO,227.0,202.0,204.93,-11.01,-9.72,1.29,35.0,2.28,2.86,0.73,0.33,2.28,0.16,0.26,2.28,-10.0,-4.41,1.76,1.76,583.0,418.0,165.0,50.56,70.18,0.72,34.31,1.6,-17.4,-11.0,omnitech-engineering,https://ipogyani.com/listed-ipo/2026/omnitech-engineering,4.0,4.0,5.0,2.2,5.0,2.2
2026,PNGS Reva Diamond Jewellery Ltd.,386.0,375.0,411.7,-2.85,6.66,9.51,35.0,1.23,1.04,1.54,1.29,1.23,0.59,0.83,1.23,-2.0,-0.52,-0.52,-0.52,380.0,380.0,0.0,30.39,47.23,0.64,30.83,0.37,-5.5,-2.9,pngs-reva,https://ipogyani.com/listed-ipo/2026/pngs-reva,-2.0,-2.0,-5.0,-1.3,8.0,2.07
2026,PowericaIPO,395.0,366.0,390.0,-7.34,-1.27,6.07,35.0,1.45,4.5,0.44,0.15,1.45,0.01,0.03,1.45,9.0,2.28,1.01,1.01,1100.0,700.0,400.0,19.55,71.88,0.27,13.03,0.29,-13.9,-7.3,powerica,https://ipogyani.com/listed-ipo/2026/powerica,4.0,4.0,5.0,1.27,3.0,0.76
2026,Rajputana StainlessIPO,122.0,122.0,113.03,0.0,-7.35,-7.35,35.0,1.12,2.51,2.59,0.27,1.12,0.3,0.42,1.12,1.0,0.82,0.82,0.82,254.98,178.73,76.25,20.89,23.27,0.9,7.92,0.66,-5.0,0.0,rajputana-stainless,https://ipogyani.com/listed-ipo/2026/rajputana-stainless,1.0,1.0,1.0,0.82,1.0,0.82
2026,Sai ParenteralsIPO,392.0,400.0,405.7,2.04,3.49,1.45,35.0,1.05,1.71,2.36,0.12,1.05,0.04,0.41,1.05,0.0,0.0,0.0,0.0,408.79,285.0,123.79,111.39,72.11,1.54,24.18,0.98,0.4,2.0,sai-parenterals,https://ipogyani.com/listed-ipo/2026/sai-parenterals,0.0,0.0,0.0,0.0,0.0,0.0
2026,SEDEMAC MechatronicsIPO,1352.0,1535.0,1451.1,13.54,7.33,-6.21,35.0,2.68,8.46,0.77,0.2,2.68,0.27,0.46,2.68,65.0,4.81,-0.74,-1.48,1087.45,0.0,1087.45,62.02,57.14,1.09,19.0,0.21,7.1,13.5,sedemac-mechatronics,https://ipogyani.com/listed-ipo/2026/sedemac-mechatronics,-10.0,-20.0,10.0,0.74,35.0,2.59
2026,Shadowfax TechnologiesIPO,124.0,112.6,109.98,-9.19,-11.31,-2.12,35.0,2.72,3.81,0.84,2.31,2.72,0.47,0.6,2.72,-6.0,-4.84,-4.84,-4.84,1907.27,1000.0,907.27,185.51,152.0,1.22,1.96,0.2,,-9.2,shadowfax-technologies,https://ipogyani.com/listed-ipo/2026/shadowfax-technologies,-6.0,-6.0,-6.0,-4.84,-6.0,-4.84
2026,Shree Ram TwistexIPO,104.0,68.0,71.4,-34.62,-31.35,3.27,35.0,43.66,3.94,220.3,76.63,43.66,0.11,0.75,43.66,-18.0,-17.31,-9.62,-9.62,110.24,110.24,0.0,29.71,8.61,3.45,8.57,0.84,,-34.6,shree-ram-twistex,https://ipogyani.com/listed-ipo/2026/shree-ram-twistex,-10.0,-10.0,5.0,4.81,5.0,4.81
